Date; Close 
09.06.2006; 360,04 
12.06.2006; 347,53 
13.06.2006; 344,01 
14.06.2006; 369,23 
15.06.2006; 381,92 
16.06.2006; 378,97 
19.06.2006; 373,37 
20.06.2006; 374,91 
21.06.2006; 381,33 
22.06.2006; 377,25 
23.06.2006; 377,94 
26.06.2006; 378,08 
27.06.2006; 369,52 
28.06.2006; 370,94 
29.06.2006; 370,94 
30.06.2006; 387,45 
03.07.2006; 389,00 
05.07.2006; 381,44 
06.07.2006; 384,13 
07.07.2006; 376,54 
10.07.2006; 369,79 
11.07.2006; 368,30 
12.07.2006; 363,26 
13.07.2006; 356,52 
14.07.2006; 356,52 
17.07.2006; 354,35 
18.07.2006; 354,75 
19.07.2006; 360,30 
20.07.2006; 356,77 
21.07.2006; 349,11 
24.07.2006; 357,74 
25.07.2006; 358,57 
26.07.2006; 359,72 
27.07.2006; 355,13 
28.07.2006; 362,61 
31.07.2006; 362,71 
01.08.2006; 357,61 
02.08.2006; 360,44 
03.08.2006; 361,82 
04.08.2006; 359,91 
07.08.2006; 357,96 
08.08.2006; 355,49 
09.08.2006; 358,17 
10.08.2006; 360,06 
11.08.2006; 357,97 
14.08.2006; 359,34 
15.08.2006; 369,47 
16.08.2006; 377,97 
17.08.2006; 380,51 
18.08.2006; 381,92 
21.08.2006; 378,90 
22.08.2006; 380,22 
23.08.2006; 376,68 
24.08.2006; 378,17 
25.08.2006; 380,42 
28.08.2006; 383,47 
29.08.2006; 388,43 
30.08.2006; 389,84 
31.08.2006; 385,03 
01.09.2006; 385,82 
05.09.2006; 389,04 
06.09.2006; 380,95 
07.09.2006; 377,08 
08.09.2006; 378,62 
11.09.2006; 380,93 
12.09.2006; 391,56 
13.09.2006; 394,54 
14.09.2006; 396,69 
15.09.2006; 397,28 
18.09.2006; 396,29 
19.09.2006; 394,29 
20.09.2006; 400,26 
21.09.2006; 400,57 
22.09.2006; 399,75 
25.09.2006; 406,14 
26.09.2006; 406,40 
27.09.2006; 404,06 
28.09.2006; 402,40 
29.09.2006; 403,37 
02.10.2006; 397,77 
03.10.2006; 398,54 
04.10.2006; 405,56 
05.10.2006; 407,91 
06.10.2006; 406,03 
09.10.2006; 405,72 
10.10.2006; 404,32 
11.10.2006; 403,26 
12.10.2006; 410,00 
13.10.2006; 412,40 
16.10.2006; 412,29 
17.10.2006; 415,23 
18.10.2006; 410,30 
19.10.2006; 411,35 
20.10.2006; 410,17 
23.10.2006; 409,52 
24.10.2006; 405,94 
25.10.2006; 407,70 
26.10.2006; 412,88 
27.10.2006; 406,48 
30.10.2006; 405,99 
31.10.2006; 404,89 
01.11.2006; 400,26 
02.11.2006; 399,99 
03.11.2006; 403,60 
06.11.2006; 408,77 
07.11.2006; 411,15 
08.11.2006; 410,59 
09.11.2006; 409,05 
10.11.2006; 407,83 
13.11.2006; 408,73 
14.11.2006; 413,22 
15.11.2006; 413,45 
16.11.2006; 413,45 
17.11.2006; 415,65 
20.11.2006; 414,74 
21.11.2006; 414,71 
22.11.2006; 416,64 
24.11.2006; 415,67 
27.11.2006; 406,29 
28.11.2006; 407,30 
29.11.2006; 409,90 
30.11.2006; 412,70 
01.12.2006; 412,89 
04.12.2006; 417,72 
05.12.2006; 417,72 
06.12.2006; 421,41 
07.12.2006; 419,51 
08.12.2006; 420,12 
11.12.2006; 421,06 
12.12.2006; 420,03 
13.12.2006; 418,43 
14.12.2006; 426,19 
15.12.2006; 427,35 
18.12.2006; 424,31 
19.12.2006; 422,43 
20.12.2006; 421,97 
21.12.2006; 422,51 
22.12.2006; 419,17 
26.12.2006; 421,59 
27.12.2006; 426,07 
28.12.2006; 427,01 
29.12.2006; 425,74 
03.01.2007; 429,09 
04.01.2007; 434,13 
05.01.2007; 430,25 
08.01.2007; 429,63 
09.01.2007; 426,54 
10.01.2007; 428,67 
11.01.2007; 435,49 
12.01.2007; 437,56 
16.01.2007; 436,33 
17.01.2007; 429,93 
18.01.2007; 424,09 
19.01.2007; 428,84 
22.01.2007; 424,39 
23.01.2007; 424,53 
24.01.2007; 432,11 
25.01.2007; 428,28 
26.01.2007; 430,59 
29.01.2007; 429,98 
30.01.2007; 434,43 
31.01.2007; 434,93 
01.02.2007; 434,81 
02.02.2007; 435,63 
05.02.2007; 435,51 
06.02.2007; 436,74 
07.02.2007; 443,06 
08.02.2007; 444,50 
09.02.2007; 437,99 
12.02.2007; 433,75 
13.02.2007; 436,23 
14.02.2007; 441,47 
15.02.2007; 443,70 
16.02.2007; 444,25 
20.02.2007; 447,16 
21.02.2007; 446,40 
22.02.2007; 446,61 
23.02.2007; 447,47 
26.02.2007; 447,23 
27.02.2007; 427,13 
28.02.2007; 433,07 
01.03.2007; 428,12 
02.03.2007; 420,65 
05.03.2007; 413,65 
06.03.2007; 422,77 
07.03.2007; 421,54 
08.03.2007; 425,17 
09.03.2007; 426,95 
12.03.2007; 428,63 
13.03.2007; 421,34 
14.03.2007; 424,14 
15.03.2007; 425,53 
16.03.2007; 423,99 
19.03.2007; 427,39 
20.03.2007; 430,85 
21.03.2007; 437,47 
22.03.2007; 436,41 
23.03.2007; 436,65 
26.03.2007; 437,31 
27.03.2007; 434,64 
28.03.2007; 432,74 
29.03.2007; 432,19 
30.03.2007; 433,06 
02.04.2007; 434,93 
03.04.2007; 439,66 
04.04.2007; 439,18 
05.04.2007; 440,43 
09.04.2007; 440,03 
10.04.2007; 440,97 
11.04.2007; 437,45 
12.04.2007; 440,49 
13.04.2007; 442,21 
16.04.2007; 445,83 
17.04.2007; 443,77 
18.04.2007; 443,73 
19.04.2007; 441,98 
20.04.2007; 445,70 
23.04.2007; 443,68 
24.04.2007; 445,53 
25.04.2007; 452,94 
26.04.2007; 456,68 
27.04.2007; 456,19 
30.04.2007; 448,05 
01.05.2007; 449,58 
02.05.2007; 456,34 
03.05.2007; 456,34 
04.05.2007; 456,23 
07.05.2007; 455,59 
08.05.2007; 455,59 
09.05.2007; 461,13 
10.05.2007; 453,99 
11.05.2007; 460,84 
14.05.2007; 457,58 
15.05.2007; 453,84 
16.05.2007; 458,10 
17.05.2007; 455,54 
18.05.2007; 457,64 
21.05.2007; 464,31 
22.05.2007; 464,73 
23.05.2007; 465,05 
24.05.2007; 457,22 
25.05.2007; 460,63 
29.05.2007; 466,28 
30.05.2007; 471,11 
31.05.2007; 477,75 
01.06.2007; 478,77 
04.06.2007; 481,37 
05.06.2007; 479,50 
06.06.2007; 474,97 
07.06.2007; 466,90 
08.06.2007; 473,62 
11.06.2007; 473,92 
12.06.2007; 470,59 
13.06.2007; 475,84 
14.06.2007; 478,91 
15.06.2007; 484,21 
18.06.2007; 482,43 
19.06.2007; 483,85 
20.06.2007; 478,64 
21.06.2007; 482,54 
22.06.2007; 479,03 
25.06.2007; 474,78 
26.06.2007; 473,52 
27.06.2007; 478,77 
28.06.2007; 482,82 
29.06.2007; 482,82 
02.07.2007; 487,91 
03.07.2007; 492,67 
05.07.2007; 492,29 
06.07.2007; 494,29 
09.07.2007; 495,19 
10.07.2007; 488,51 
11.07.2007; 493,38 
12.07.2007; 506,63 
13.07.2007; 506,21 
16.07.2007; 506,07 
17.07.2007; 506,38 
18.07.2007; 506,38 
19.07.2007; 502,64 
20.07.2007; 506,42 
23.07.2007; 508,62 
24.07.2007; 499,92 
25.07.2007; 496,46 
26.07.2007; 484,98 
27.07.2007; 479,47 
30.07.2007; 487,34 
31.07.2007; 487,34 
01.08.2007; 482,02 
02.08.2007; 488,21 
03.08.2007; 472,64 
06.08.2007; 470,85 
07.08.2007; 466,25 
08.08.2007; 477,70 
09.08.2007; 471,96 
10.08.2007; 474,47 
13.08.2007; 478,19 
14.08.2007; 466,52 
15.08.2007; 453,92 
16.08.2007; 453,53 
17.08.2007; 467,27 
20.08.2007; 467,64 
21.08.2007; 469,21 
22.08.2007; 476,87 
23.08.2007; 474,31 
24.08.2007; 481,84 
27.08.2007; 480,44 
28.08.2007; 466,58 
29.08.2007; 478,13 
30.08.2007; 478,66 
31.08.2007; 484,91 
04.09.2007; 493,06 
05.09.2007; 487,08 
06.09.2007; 489,11 
07.09.2007; 479,88 
11.09.2007; 484,47 
12.09.2007; 480,92 
13.09.2007; 480,20 
14.09.2007; 480,19 
17.09.2007; 478,05 
18.09.2007; 489,49 
19.09.2007; 491,15 
20.09.2007; 489,19 
21.09.2007; 491,05 
24.09.2007; 485,40 
25.09.2007; 488,05 
26.09.2007; 490,18 
27.09.2007; 494,14 
28.09.2007; 492,28 
01.10.2007; 500,34 
02.10.2007; 502,70 
03.10.2007; 499,50 
04.10.2007; 502,42 
05.10.2007; 508,46 
08.10.2007; 503,63 
09.10.2007; 505,20 
10.10.2007; 503,72 
11.10.2007; 498,91 
12.10.2007; 501,66 
15.10.2007; 496,33 
16.10.2007; 492,96 
18.10.2007; 499,59 
19.10.2007; 491,70 
22.10.2007; 497,25 
23.10.2007; 499,58 
24.10.2007; 491,28 
25.10.2007; 485,20 
26.10.2007; 491,21 
29.10.2007; 496,14 
30.10.2007; 490,64 
31.10.2007; 492,40 
01.11.2007; 478,49 
02.11.2007; 484,53 
05.11.2007; 481,43 
06.11.2007; 485,81 
07.11.2007; 469,25 
08.11.2007; 462,66 
09.11.2007; 448,90 
12.11.2007; 441,26 
13.11.2007; 458,07 
14.11.2007; 454,95 
15.11.2007; 449,87 
16.11.2007; 456,19 
19.11.2007; 443,30 
20.11.2007; 438,97 
21.11.2007; 431,78 
23.11.2007; 438,37 
27.11.2007; 432,89 
28.11.2007; 447,99 
29.11.2007; 446,61 
30.11.2007; 447,89 
03.12.2007; 444,57 
04.12.2007; 437,91 
05.12.2007; 450,65 
06.12.2007; 456,20 
07.12.2007; 456,63 
10.12.2007; 460,23 
11.12.2007; 450,22 
12.12.2007; 452,23 
13.12.2007; 444,76 
14.12.2007; 438,90 
17.12.2007; 427,69 
19.12.2007; 435,65 
20.12.2007; 440,79 
21.12.2007; 450,54 
24.12.2007; 451,78 
26.12.2007; 453,89 
27.12.2007; 445,35 
28.12.2007; 446,59 
31.12.2007; 442,68 
02.01.2008; 434,47 
03.01.2008; 431,32 
04.01.2008; 415,71 
07.01.2008; 413,51 
08.01.2008; 399,77 
09.01.2008; 400,74 
10.01.2008; 407,37 
11.01.2008; 398,28 
14.01.2008; 405,77 
15.01.2008; 396,48 
16.01.2008; 392,10 
17.01.2008; 383,43 
18.01.2008; 371,35 
22.01.2008; 364,33 
23.01.2008; 362,04 
24.01.2008; 373,34 
25.01.2008; 370,23 
28.01.2008; 379,11 
29.01.2008; 388,12 
30.01.2008; 383,20 
31.01.2008; 392,39 
01.02.2008; 399,39 
04.02.2008; 395,26 
05.02.2008; 377,93 
06.02.2008; 377,46 
07.02.2008; 373,67 
08.02.2008; 375,35 
11.02.2008; 379,30 
12.02.2008; 379,62 
13.02.2008; 390,66 
14.02.2008; 381,30 
15.02.2008; 379,04 
19.02.2008; 374,94 
20.02.2008; 375,66 
21.02.2008; 372,41 
22.02.2008; 376,81 
25.02.2008; 382,22 
26.02.2008; 385,02 
27.02.2008; 384,42 
28.02.2008; 379,95 
29.02.2008; 367,81 
03.03.2008; 364,04 
04.03.2008; 360,31 
05.03.2008; 364,53 
06.03.2008; 354,38 
07.03.2008; 352,97 
10.03.2008; 341,05 
11.03.2008; 350,21 
12.03.2008; 349,59 
13.03.2008; 349,95 
14.03.2008; 340,82 
17.03.2008; 336,29 
18.03.2008; 351,09 
19.03.2008; 341,18 
20.03.2008; 349,78 
24.03.2008; 364,25 
25.03.2008; 366,72 
26.03.2008; 363,06 
27.03.2008; 358,05 
28.03.2008; 352,08 
31.03.2008; 354,28 
01.04.2008; 365,58 
02.04.2008; 368,64 
03.04.2008; 373,68 
04.04.2008; 372,80 
07.04.2008; 374,15 
08.04.2008; 374,25 
09.04.2008; 363,95 
10.04.2008; 365,43 
11.04.2008; 356,48 
14.04.2008; 356,69 
15.04.2008; 356,30 
16.04.2008; 368,38 
17.04.2008; 365,78 
18.04.2008; 377,28 
21.04.2008; 380,14 
22.04.2008; 373,64 
23.04.2008; 384,04 
24.04.2008; 389,30 
25.04.2008; 393,28 
28.04.2008; 392,70 
29.04.2008; 398,99 
30.04.2008; 401,00 
01.05.2008; 407,40 
02.05.2008; 407,58 
05.05.2008; 405,20 
06.05.2008; 409,27 
07.05.2008; 403,35 
08.05.2008; 406,82 
09.05.2008; 402,00 
12.05.2008; 405,38 
13.05.2008; 405,16 
14.05.2008; 409,13 
15.05.2008; 418,64 
16.05.2008; 424,05 
19.05.2008; 420,87 
20.05.2008; 414,20 
21.05.2008; 406,32 
22.05.2008; 411,32 
23.05.2008; 408,83 
27.05.2008; 411,80 
28.05.2008; 415,49 
29.05.2008; 418,12 
30.05.2008; 422,64 
02.06.2008; 414,90 
03.06.2008; 413,37 
04.06.2008; 417,34 
05.06.2008; 427,04 
06.06.2008; 415,88 
09.06.2008; 412,32 
10.06.2008; 408,49 
11.06.2008; 396,85 
12.06.2008; 398,95 
13.06.2008; 407,21 
16.06.2008; 409,25 
17.06.2008; 407,97 
18.06.2008; 400,63 
19.06.2008; 403,26 
20.06.2008; 390,61 
23.06.2008; 384,62 
24.06.2008; 380,29 
25.06.2008; 386,71 
26.06.2008; 371,93 
27.06.2008; 370,28 
30.06.2008; 370,49 
01.07.2008; 366,60 
02.07.2008; 357,08 
03.07.2008; 357,00 
07.07.2008; 357,76 
08.07.2008; 366,08 
09.07.2008; 354,43 
10.07.2008; 355,03 
11.07.2008; 350,34 
14.07.2008; 348,86 
15.07.2008; 347,58 
16.07.2008; 352,24 
17.07.2008; 354,77 
18.07.2008; 354,07 
21.07.2008; 356,34 
22.07.2008; 355,92 
23.07.2008; 364,40 
24.07.2008; 358,49 
25.07.2008; 366,23 
28.07.2008; 358,75 
29.07.2008; 365,66 
30.07.2008; 366,12 
31.07.2008; 365,13 
01.08.2008; 356,20 
04.08.2008; 349,99 
05.08.2008; 358,04 
06.08.2008; 357,63 
07.08.2008; 352,11 
08.08.2008; 357,55 
11.08.2008; 363,88 
12.08.2008; 363,23 
13.08.2008; 361,56 
14.08.2008; 365,54 
15.08.2008; 369,44 
18.08.2008; 363,43 
19.08.2008; 356,11 
20.08.2008; 356,92 
21.08.2008; 355,73 
22.08.2008; 359,84 
25.08.2008; 351,39 
26.08.2008; 351,87 
27.08.2008; 356,58 
28.08.2008; 363,76 
29.08.2008; 357,68 
02.09.2008; 357,87 
03.09.2008; 354,01 
04.09.2008; 336,82 
05.09.2008; 335,36 
08.09.2008; 340,60 
09.09.2008; 327,60 
10.09.2008; 326,52 
11.09.2008; 326,25 
12.09.2008; 329,66 
15.09.2008; 311,55 
16.09.2008; 314,31 
17.09.2008; 294,36 
18.09.2008; 310,27 
19.09.2008; 329,48 
22.09.2008; 311,62 
23.09.2008; 303,94 
24.09.2008; 300,19 
25.09.2008; 305,86 
26.09.2008; 305,88 
29.09.2008; 276,73 
30.09.2008; 291,01 
01.10.2008; 288,68 
02.10.2008; 270,55 
03.10.2008; 266,94 
06.10.2008; 253,26 
07.10.2008; 237,51 
08.10.2008; 232,13 
09.10.2008; 216,26 
10.10.2008; 211,61 
13.10.2008; 240,30 
14.10.2008; 233,94 
15.10.2008; 210,14 
16.10.2008; 218,49 
17.10.2008; 224,30 
20.10.2008; 234,90 
21.10.2008; 222,80 
22.10.2008; 209,57 
23.10.2008; 204,03 
24.10.2008; 193,63 
27.10.2008; 192,21 
28.10.2008; 214,35 
29.10.2008; 215,79 
30.10.2008; 222,42 
31.10.2008; 221,89 
03.11.2008; 223,74 
04.11.2008; 231,20 
05.11.2008; 215,91 
06.11.2008; 205,68 
07.11.2008; 212,13 
10.11.2008; 209,23 
11.11.2008; 202,86 
12.11.2008; 188,99 
13.11.2008; 203,06 
14.11.2008; 193,07 
17.11.2008; 189,86 
18.11.2008; 186,06 
19.11.2008; 173,13 
20.11.2008; 163,45 
21.11.2008; 170,48 
24.11.2008; 186,07 
25.11.2008; 189,10 
26.11.2008; 200,10 
28.11.2008; 202,29 
01.12.2008; 185,64 
02.12.2008; 194,40 
03.12.2008; 199,37 
04.12.2008; 191,87 
05.12.2008; 199,78 
08.12.2008; 207,23 
09.12.2008; 204,89 
10.12.2008; 206,67 
11.12.2008; 199,65 
12.12.2008; 200,13 
15.12.2008; 194,53 
16.12.2008; 204,27 
17.12.2008; 204,22 
18.12.2008; 202,26 
19.12.2008; 203,08 
22.12.2008; 196,33 
23.12.2008; 193,96 
24.12.2008; 193,83 
26.12.2008; 196,05 
29.12.2008; 193,22 
30.12.2008; 197,37 
31.12.2008; 203,57 
02.01.2009; 213,31 
05.01.2009; 218,12 
06.01.2009; 227,42 
07.01.2009; 225,85 
08.01.2009; 235,06 
09.01.2009; 232,02 
12.01.2009; 220,46 
13.01.2009; 220,85 
14.01.2009; 209,86 
15.01.2009; 211,75 
16.01.2009; 213,21 
20.01.2009; 201,06 
21.01.2009; 211,52 
22.01.2009; 211,57 
23.01.2009; 214,35 
26.01.2009; 218,27 
27.01.2009; 219,33 
28.01.2009; 227,80 
29.01.2009; 220,26 
30.01.2009; 211,56 
02.02.2009; 213,04 
03.02.2009; 214,24 
04.02.2009; 212,22 
05.02.2009; 215,36 
06.02.2009; 223,14 
09.02.2009; 223,19 
10.02.2009; 214,80 
11.02.2009; 213,24 
12.02.2009; 214,78 
13.02.2009; 217,33 
17.02.2009; 207,31 
18.02.2009; 202,12 
19.02.2009; 199,55 
20.02.2009; 199,04 
23.02.2009; 192,82 
24.02.2009; 203,51 
25.02.2009; 201,96 
26.02.2009; 198,84 
27.02.2009; 200,80 
02.03.2009; 189,21 
03.03.2009; 186,82 
04.03.2009; 195,89 
05.03.2009; 188,49 
06.03.2009; 188,30 
09.03.2009; 186,12 
10.03.2009; 199,92 
11.03.2009; 203,25 
12.03.2009; 211,88 
13.03.2009; 213,14 
16.03.2009; 206,55 
17.03.2009; 214,08 
18.03.2009; 220,16 
19.03.2009; 220,88 
20.03.2009; 213,61 
23.03.2009; 225,94 
24.03.2009; 222,44 
25.03.2009; 223,79 
26.03.2009; 231,15 
27.03.2009; 229,38 
30.03.2009; 220,46 
31.03.2009; 223,85 
01.04.2009; 232,49 
02.04.2009; 243,23 
03.04.2009; 246,51 
06.04.2009; 242,28 
07.04.2009; 233,56 
08.04.2009; 238,33 
09.04.2009; 247,14 
13.04.2009; 243,41 
14.04.2009; 238,18 
15.04.2009; 241,26 
16.04.2009; 245,36 
17.04.2009; 247,01 
20.04.2009; 235,73 
21.04.2009; 241,22 
22.04.2009; 241,50 
23.04.2009; 242,76 
24.04.2009; 250,64 
27.04.2009; 249,64 
28.04.2009; 249,74 
29.04.2009; 254,93 
30.04.2009; 256,05 
01.05.2009; 258,57 
04.05.2009; 264,76 
05.05.2009; 268,01 
06.05.2009; 271,31 
07.05.2009; 263,03 
08.05.2009; 267,21 
11.05.2009; 264,50 
12.05.2009; 263,94 
13.05.2009; 253,37 
14.05.2009; 259,16 
15.05.2009; 256,44 
18.05.2009; 265,39 
19.05.2009; 267,77 
20.05.2009; 268,57 
21.05.2009; 265,84 
22.05.2009; 264,54 
26.05.2009; 272,67 
27.05.2009; 270,87 
28.05.2009; 273,93 
29.05.2009; 274,54 
01.06.2009; 280,98 
02.06.2009; 280,45 
03.06.2009; 273,24 
04.06.2009; 276,69 
05.06.2009; 276,98 
08.06.2009; 274,07 
09.06.2009; 277,88 
10.06.2009; 277,15 
11.06.2009; 285,51 
12.06.2009; 285,56 
15.06.2009; 278,69 
16.06.2009; 273,93 
17.06.2009; 272,95 
18.06.2009; 272,76 
19.06.2009; 269,69 
22.06.2009; 262,97 
23.06.2009; 265,57 
24.06.2009; 269,99 
25.06.2009; 274,70 
26.06.2009; 277,71 
29.06.2009; 279,65 
30.06.2009; 276,62 
01.07.2009; 276,54 
02.07.2009; 269,95 
06.07.2009; 266,53 
07.07.2009; 260,06 
08.07.2009; 257,30 
09.07.2009; 259,42 
10.07.2009; 258,92 
13.07.2009; 262,75 
14.07.2009; 264,73 
15.07.2009; 273,73 
16.07.2009; 275,97 
17.07.2009; 277,37 
20.07.2009; 281,60 
21.07.2009; 282,73 
22.07.2009; 283,13 
23.07.2009; 288,89 
24.07.2009; 286,71 
27.07.2009; 285,59 
28.07.2009; 285,49 
29.07.2009; 282,76 
30.07.2009; 283,87 
31.07.2009; 281,68 
03.08.2009; 286,95 
04.08.2009; 287,24 
05.08.2009; 284,26 
06.08.2009; 277,21 
07.08.2009; 277,94 
10.08.2009; 275,98 
11.08.2009; 273,35 
12.08.2009; 276,50 
13.08.2009; 280,38 
14.08.2009; 276,21 
17.08.2009; 265,94 
18.08.2009; 269,91 
19.08.2009; 269,65 
20.08.2009; 274,56 
21.08.2009; 277,56 
24.08.2009; 275,54 
25.08.2009; 274,76 
26.08.2009; 274,89 
27.08.2009; 274,26 
28.08.2009; 274,53 
31.08.2009; 270,57 
01.09.2009; 265,25 
02.09.2009; 266,72 
03.09.2009; 270,08 
04.09.2009; 274,46 
08.09.2009; 277,94 
09.09.2009; 282,32 
10.09.2009; 289,65 
11.09.2009; 292,62 
14.09.2009; 292,48 
15.09.2009; 296,07 
16.09.2009; 299,31 
17.09.2009; 296,08 
18.09.2009; 298,57 
21.09.2009; 301,68 
22.09.2009; 304,53 
23.09.2009; 299,57 
24.09.2009; 293,87 
25.09.2009; 293,55 
28.09.2009; 299,23 
29.09.2009; 297,93 
30.09.2009; 298,18 
01.10.2009; 286,75 
02.10.2009; 284,52 
05.10.2009; 290,60 
06.10.2009; 293,15 
07.10.2009; 293,36 
08.10.2009; 294,54 
09.10.2009; 295,16 
12.10.2009; 295,35 
13.10.2009; 294,32 
14.10.2009; 299,20 
15.10.2009; 300,22 
16.10.2009; 295,72 
19.10.2009; 298,52 
20.10.2009; 295,13 
21.10.2009; 290,35 
22.10.2009; 296,08 
23.10.2009; 290,12 
26.10.2009; 283,93 
27.10.2009; 279,46 
28.10.2009; 275,09 
29.10.2009; 280,75 
30.10.2009; 270,97 
02.11.2009; 271,36 
03.11.2009; 276,87 
04.11.2009; 275,92 
05.11.2009; 281,63 
06.11.2009; 281,43 
09.11.2009; 288,11 
10.11.2009; 286,05 
11.11.2009; 290,60 
12.11.2009; 289,80 
13.11.2009; 292,75 
16.11.2009; 295,90 
17.11.2009; 298,62 
18.11.2009; 296,31 
19.11.2009; 291,17 
20.11.2009; 290,52 
23.11.2009; 294,07 
24.11.2009; 291,86 
25.11.2009; 293,62 
27.11.2009; 288,45 
30.11.2009; 287,94 
01.12.2009; 293,10 
02.12.2009; 294,92 
03.12.2009; 293,12 
04.12.2009; 297,73 
07.12.2009; 297,73 
08.12.2009; 297,73 
09.12.2009; 297,73 
10.12.2009; 297,73 
11.12.2009; 297,73 
14.12.2009; 297,73 
15.12.2009; 297,73 
16.12.2009; 297,73 
17.12.2009; 297,73 
18.12.2009; 297,73 
21.12.2009; 297,73 
22.12.2009; 297,73 
23.12.2009; 297,73 
24.12.2009; 297,73 
28.12.2009; 297,73 
29.12.2009; 311,77 
30.12.2009; 311,76 
31.12.2009; 309,20 
04.01.2010; 317,55 
05.01.2010; 320,23 
06.01.2010; 317,53 
07.01.2010; 319,18 
08.01.2010; 318,81 
11.01.2010; 318,26 
12.01.2010; 311,09 
13.01.2010; 314,27 
14.01.2010; 313,68 
15.01.2010; 310,64 
19.01.2010; 313,50 
20.01.2010; 308,20 
21.01.2010; 306,77 
22.01.2010; 297,67 
25.01.2010; 298,69 
26.01.2010; 297,15 
27.01.2010; 296,74 
28.01.2010; 289,37 
29.01.2010; 284,53 
01.02.2010; 289,50 
02.02.2010; 292,31 
03.02.2010; 291,79 
04.02.2010; 281,07 
05.02.2010; 280,78 
08.02.2010; 281,66 
09.02.2010; 284,39 
10.02.2010; 283,25 
11.02.2010; 288,83 
12.02.2010; 291,84 
16.02.2010; 296,37 
17.02.2010; 297,03 
18.02.2010; 300,04 
19.02.2010; 302,93 
22.02.2010; 302,13 
23.02.2010; 293,89 
24.02.2010; 295,89 
25.02.2010; 294,58 
26.02.2010; 295,31 
01.03.2010; 299,21 
02.03.2010; 302,22 
03.03.2010; 304,80 
04.03.2010; 304,10 
05.03.2010; 306,60 
08.03.2010; 309,06 
09.03.2010; 312,69 
10.03.2010; 313,49 
11.03.2010; 315,78 
12.03.2010; 313,94 
15.03.2010; 313,44 
16.03.2010; 316,20 
17.03.2010; 319,89 
18.03.2010; 319,89 
19.03.2010; 314,35 
22.03.2010; 317,25 
23.03.2010; 320,69 
24.03.2010; 317,24 
25.03.2010; 313,39 
26.03.2010; 314,39 
29.03.2010; 315,85 
30.03.2010; 316,58 
31.03.2010; 315,89 
01.04.2010; 318,70 
05.04.2010; 323,56 
06.04.2010; 324,09 
07.04.2010; 321,63 
08.04.2010; 322,60 
09.04.2010; 325,12 
12.04.2010; 326,12 
13.04.2010; 325,59 
14.04.2010; 331,15 
15.04.2010; 330,21 
16.04.2010; 325,02 
19.04.2010; 324,30 
20.04.2010; 327,66 
21.04.2010; 326,17 
22.04.2010; 327,57 
23.04.2010; 327,94 
26.04.2010; 326,47 
27.04.2010; 321,17 
28.04.2010; 323,73 
29.04.2010; 331,28 
30.04.2010; 325,64 
03.05.2010; 331,15 
04.05.2010; 320,25 
05.05.2010; 317,54 
06.05.2010; 305,44 
07.05.2010; 294,65 
10.05.2010; 308,73 
11.05.2010; 310,95 
12.05.2010; 319,95 
13.05.2010; 317,59 
14.05.2010; 311,66 
17.05.2010; 314,39 
18.05.2010; 309,99 
19.05.2010; 308,16 
20.05.2010; 294,91 
21.05.2010; 300,01 
24.05.2010; 298,99 
25.05.2010; 300,17 
26.05.2010; 298,70 
27.05.2010; 311,45 
28.05.2010; 307,49 
01.06.2010; 295,89 
02.06.2010; 303,63 
03.06.2010; 306,68 
04.06.2010; 294,46 
07.06.2010; 288,17 
08.06.2010; 287,12 
09.06.2010; 287,35 
10.06.2010; 295,09 
11.06.2010; 299,94 
14.06.2010; 299,97 
15.06.2010; 306,89 
16.06.2010; 306,37 
17.06.2010; 305,67 
18.06.2010; 305,20 
21.06.2010; 304,28 
22.06.2010; 300,04 
23.06.2010; 302,21 
24.06.2010; 295,24 
25.06.2010; 296,01 
28.06.2010; 298,76 
29.06.2010; 287,46 
30.06.2010; 283,12 
01.07.2010; 282,02 
02.07.2010; 281,31 
06.07.2010; 282,61 
07.07.2010; 293,30 
08.07.2010; 296,35 
09.07.2010; 297,08 
12.07.2010; 296,95 
13.07.2010; 304,23 
14.07.2010; 307,10 
15.07.2010; 307,11 
16.07.2010; 297,79 
19.07.2010; 301,32 
20.07.2010; 304,89 
21.07.2010; 301,41 
22.07.2010; 311,43 
23.07.2010; 317,50 
26.07.2010; 323,00 
27.07.2010; 317,48 
28.07.2010; 315,91 
29.07.2010; 313,19 
30.07.2010; 312,45 
02.08.2010; 318,79 
03.08.2010; 317,08 
04.08.2010; 320,86 
05.08.2010; 320,98 
06.08.2010; 318,70 
09.08.2010; 321,61 
10.08.2010; 318,36 
11.08.2010; 308,28 
12.08.2010; 303,63 
13.08.2010; 302,13 
16.08.2010; 304,24 
17.08.2010; 309,87 
18.08.2010; 311,39 
19.08.2010; 306,33 
20.08.2010; 307,75 
23.08.2010; 304,07 
24.08.2010; 301,55 
25.08.2010; 303,78 
26.08.2010; 302,54 
27.08.2010; 308,59 
30.08.2010; 304,39 
31.08.2010; 304,62 
01.09.2010; 312,45 
02.09.2010; 316,02 
03.09.2010; 320,82 
07.09.2010; 318,01 
08.09.2010; 321,42 
09.09.2010; 322,58 
10.09.2010; 322,44 
13.09.2010; 329,39 
14.09.2010; 326,40 
15.09.2010; 329,67 
16.09.2010; 328,25 
17.09.2010; 330,81 
20.09.2010; 337,17 
21.09.2010; 335,98 
22.09.2010; 333,26 
23.09.2010; 331,69 
24.09.2010; 338,69 
27.09.2010; 338,50 
28.09.2010; 340,37 
29.09.2010; 339,81 
30.09.2010; 337,28 
01.10.2010; 339,10 
04.10.2010; 337,43 
05.10.2010; 343,10 
07.10.2010; 334,80 
08.10.2010; 334,65 
11.10.2010; 333,79 
12.10.2010; 335,75 
13.10.2010; 340,43 
14.10.2010; 336,58 
15.10.2010; 337,94 
18.10.2010; 337,52 
19.10.2010; 330,92 
20.10.2010; 336,36 
21.10.2010; 334,82 
22.10.2010; 341,83 
25.10.2010; 349,48 
26.10.2010; 348,70 
27.10.2010; 349,41 
28.10.2010; 349,05 
29.10.2010; 350,91 
01.11.2010; 350,25 
02.11.2010; 352,85 
03.11.2010; 354,64 
04.11.2010; 357,98 
05.11.2010; 358,53 
08.11.2010; 358,77 
09.11.2010; 357,44 
10.11.2010; 360,37 
11.11.2010; 357,50 
12.11.2010; 354,54 
15.11.2010; 351,36 
16.11.2010; 345,25 
17.11.2010; 347,16 
18.11.2010; 354,40 
19.11.2010; 355,87 
22.11.2010; 358,23 
23.11.2010; 352,13 
24.11.2010; 357,64 
26.11.2010; 357,22 
29.11.2010; 353,50 
30.11.2010; 350,76 
01.12.2010; 357,34 
02.12.2010; 360,23 
03.12.2010; 361,97 
06.12.2010; 363,37 
07.12.2010; 362,85 
08.12.2010; 363,48 
09.12.2010; 366,61 
10.12.2010; 369,67 
13.12.2010; 367,39 
14.12.2010; 366,70 
15.12.2010; 364,97 
16.12.2010; 369,23 
17.12.2010; 368,45 
20.12.2010; 370,70 
21.12.2010; 373,27 
22.12.2010; 372,83 
23.12.2010; 371,43 
27.12.2010; 372,71 
28.12.2010; 371,13 
29.12.2010; 371,00 
30.12.2010; 372,46 
31.12.2010; 372,08 
03.01.2011; 380,69 
04.01.2011; 381,22 
05.01.2011; 387,36 
06.01.2011; 388,08 
07.01.2011; 385,66 
10.01.2011; 387,76 
11.01.2011; 387,90 
12.01.2011; 391,47 
13.01.2011; 393,50 
14.01.2011; 394,22 
18.01.2011; 391,95 
19.01.2011; 382,20 
20.01.2011; 373,43 
21.01.2011; 373,37 
24.01.2011; 376,56 
25.01.2011; 373,84 
26.01.2011; 381,31 
27.01.2011; 383,46 
28.01.2011; 375,48 
31.01.2011; 377,63 
01.02.2011; 383,80 
02.02.2011; 385,15 
03.02.2011; 387,55 
04.02.2011; 399,70 
07.02.2011; 401,79 
08.02.2011; 404,46 
09.02.2011; 403,38 
10.02.2011; 406,27 
11.02.2011; 413,18 
14.02.2011; 413,43 
15.02.2011; 408,47 
16.02.2011; 411,05 
17.02.2011; 411,03 
18.02.2011; 411,13 
22.02.2011; 397,06 
23.02.2011; 388,69 
24.02.2011; 394,83 
25.02.2011; 403,01 
28.02.2011; 402,50 
01.03.2011; 395,88 
02.03.2011; 396,50 
03.03.2011; 406,30 
04.03.2011; 407,92 
07.03.2011; 398,92 
08.03.2011; 401,22 
09.03.2011; 389,87 
10.03.2011; 383,17 
11.03.2011; 386,15 
14.03.2011; 382,94 
15.03.2011; 378,94 
16.03.2011; 373,93 
17.03.2011; 374,51 
18.03.2011; 374,01 
21.03.2011; 377,60 
22.03.2011; 375,99 
23.03.2011; 380,38 
24.03.2011; 385,87 
25.03.2011; 385,91 
28.03.2011; 385,74 
29.03.2011; 389,43 
30.03.2011; 394,65 
31.03.2011; 396,32 
01.04.2011; 392,05 
04.04.2011; 392,09 
05.04.2011; 392,70 
06.04.2011; 395,86 
07.04.2011; 393,60 
08.04.2011; 391,57 
11.04.2011; 391,08 
12.04.2011; 384,78 
13.04.2011; 389,73 
14.04.2011; 390,48 
15.04.2011; 391,02 
18.04.2011; 382,92 
19.04.2011; 382,49 
20.04.2011; 391,98 
21.04.2011; 397,21 
25.04.2011; 399,40 
26.04.2011; 400,28 
27.04.2011; 404,49 
28.04.2011; 403,85 
29.04.2011; 405,42 
02.05.2011; 401,04 
03.05.2011; 398,04 
04.05.2011; 393,00 
05.05.2011; 393,65 
06.05.2011; 395,65 
09.05.2011; 399,67 
10.05.2011; 406,42 
11.05.2011; 402,06 
12.05.2011; 404,37 
13.05.2011; 398,88 
16.05.2011; 392,23 
17.05.2011; 390,94 
18.05.2011; 397,52 
19.05.2011; 397,84 
20.05.2011; 396,00 
23.05.2011; 389,42 
24.05.2011; 388,77 
25.05.2011; 393,68 
26.05.2011; 397,91 
27.05.2011; 401,50 
31.05.2011; 405,10 
01.06.2011; 394,04 
02.06.2011; 396,47 
03.06.2011; 389,07 
06.06.2011; 382,12 
07.06.2011; 382,18 
08.06.2011; 373,23 
09.06.2011; 374,59 
10.06.2011; 367,96 
13.06.2011; 364,98 
14.06.2011; 371,31 
15.06.2011; 364,12 
16.06.2011; 360,47 
17.06.2011; 359,48 
20.06.2011; 361,50 
21.06.2011; 372,34 
22.06.2011; 371,65 
23.06.2011; 376,58 
24.06.2011; 371,68 
27.06.2011; 375,81 
28.06.2011; 381,93 
29.06.2011; 383,07 
30.06.2011; 385,50 
01.07.2011; 393,04 
05.07.2011; 391,31 
06.07.2011; 391,32 
07.07.2011; 397,22 
08.07.2011; 391,82 
11.07.2011; 381,64 
12.07.2011; 376,96 
13.07.2011; 377,17 
14.07.2011; 368,62 
15.07.2011; 371,29 
18.07.2011; 364,06 
19.07.2011; 375,84 
20.07.2011; 372,87 
21.07.2011; 374,47 
22.07.2011; 377,53 
25.07.2011; 371,32 
26.07.2011; 372,02 
27.07.2011; 356,61 
28.07.2011; 352,86 
29.07.2011; 348,85 
01.08.2011; 346,08 
02.08.2011; 332,72 
03.08.2011; 340,12 
04.08.2011; 318,67 
05.08.2011; 312,55 
08.08.2011; 284,94 
09.08.2011; 302,63 
10.08.2011; 290,34 
11.08.2011; 307,53 
15.08.2011; 321,93 
16.08.2011; 315,81 
17.08.2011; 315,58 
18.08.2011; 295,42 
19.08.2011; 291,87 
22.08.2011; 291,29 
23.08.2011; 304,96 
24.08.2011; 306,97 
25.08.2011; 298,62 
26.08.2011; 306,59 
29.08.2011; 319,74 
30.08.2011; 323,23 
31.08.2011; 323,68 
01.09.2011; 319,76 
02.09.2011; 310,05 
06.09.2011; 305,50 
07.09.2011; 317,11 
08.09.2011; 312,01 
09.09.2011; 302,44 
12.09.2011; 305,94 
13.09.2011; 311,26 
14.09.2011; 317,05 
15.09.2011; 319,38 
16.09.2011; 317,30 
19.09.2011; 313,98 
20.09.2011; 309,03 
21.09.2011; 299,59 
22.09.2011; 289,51 
23.09.2011; 294,26 
26.09.2011; 297,92 
27.09.2011; 302,21 
28.09.2011; 292,30 
29.09.2011; 293,56 
30.09.2011; 285,10 
03.10.2011; 272,50 
04.10.2011; 283,59 
05.10.2011; 290,76 
06.10.2011; 297,97 
07.10.2011; 289,83 
10.10.2011; 298,08 
11.10.2011; 299,38 
12.10.2011; 301,50 
13.10.2011; 301,94 
14.10.2011; 308,60 
17.10.2011; 300,10 
18.10.2011; 306,80 
19.10.2011; 300,66 
20.10.2011; 301,04 
21.10.2011; 304,68 
24.10.2011; 313,94 
25.10.2011; 305,61 
26.10.2011; 310,94 
27.10.2011; 324,92 
28.10.2011; 328,22 
31.10.2011; 321,04 
01.11.2011; 312,16 
02.11.2011; 319,94 
03.11.2011; 326,80 
04.11.2011; 325,82 
07.11.2011; 326,11 
08.11.2011; 330,05 
09.11.2011; 315,69 
10.11.2011; 318,30 
11.11.2011; 325,93 
14.11.2011; 322,90 
15.11.2011; 326,27 
16.11.2011; 322,51 
17.11.2011; 316,60 
18.11.2011; 313,15 
21.11.2011; 305,23 
22.11.2011; 302,41 
23.11.2011; 292,48 
25.11.2011; 291,03 
28.11.2011; 302,68 
29.11.2011; 302,54 
30.11.2011; 317,99 
01.12.2011; 314,86 
02.12.2011; 316,53 
05.12.2011; 321,58 
06.12.2011; 319,98 
07.12.2011; 317,08 
08.12.2011; 307,88 
09.12.2011; 318,15 
12.12.2011; 313,75 
13.12.2011; 308,93 
14.12.2011; 301,98 
15.12.2011; 302,69 
16.12.2011; 303,82 
19.12.2011; 297,19 
20.12.2011; 309,56 
21.12.2011; 306,44 
22.12.2011; 312,26 
23.12.2011; 313,73 
27.12.2011; 314,71 
28.12.2011; 308,96 
29.12.2011; 312,32 
30.12.2011; 312,73 
03.01.2012; 318,00 
04.01.2012; 311,84 
05.01.2012; 312,22 
06.01.2012; 313,91 
09.01.2012; 317,40 
10.01.2012; 320,63 
11.01.2012; 323,64 
12.01.2012; 327,09 
13.01.2012; 324,09 
17.01.2012; 324,06 
18.01.2012; 331,73 
19.01.2012; 336,44 
20.01.2012; 335,31 
23.01.2012; 334,56 
24.01.2012; 336,03 
25.01.2012; 337,23 
26.01.2012; 334,72 
27.01.2012; 333,95 
30.01.2012; 331,51 
31.01.2012; 331,01 
01.02.2012; 336,86 
02.02.2012; 338,15 
03.02.2012; 347,59 
06.02.2012; 347,94 
07.02.2012; 349,35 
08.02.2012; 350,03 
09.02.2012; 349,55 
10.02.2012; 346,67 
13.02.2012; 349,32 
14.02.2012; 348,69 
15.02.2012; 350,72 
16.02.2012; 356,12 
17.02.2012; 355,72 
21.02.2012; 353,00 
22.02.2012; 349,31 
23.02.2012; 355,90 
24.02.2012; 354,50 
27.02.2012; 355,92 
28.02.2012; 352,20 
29.02.2012; 345,23 
01.03.2012; 347,05 
02.03.2012; 343,60 
05.03.2012; 339,40 
06.03.2012; 332,01 
07.03.2012; 336,39 
08.03.2012; 340,78 
09.03.2012; 344,47 
12.03.2012; 340,27 
13.03.2012; 346,55 
14.03.2012; 342,36 
15.03.2012; 345,66 
16.03.2012; 346,34 
19.03.2012; 349,87 
20.03.2012; 347,09 
21.03.2012; 348,32 
22.03.2012; 345,80 
23.03.2012; 347,02 
26.03.2012; 352,27 
27.03.2012; 350,90 
28.03.2012; 347,70 
29.03.2012; 348,76 
30.03.2012; 348,60 
02.04.2012; 349,80 
03.04.2012; 347,47 
04.04.2012; 342,60 
05.04.2012; 339,43 
09.04.2012; 334,21 
10.04.2012; 327,05 
11.04.2012; 333,08 
12.04.2012; 337,75 
13.04.2012; 332,59 
16.04.2012; 330,74 
17.04.2012; 336,57 
18.04.2012; 332,51 
19.04.2012; 331,47 
20.04.2012; 327,52 
23.04.2012; 322,72 
24.04.2012; 325,39 
25.04.2012; 329,85 
26.04.2012; 326,98 
27.04.2012; 327,87 
30.04.2012; 326,92 
01.05.2012; 326,22 
02.05.2012; 324,33 
03.05.2012; 320,80 
04.05.2012; 314,53 
07.05.2012; 313,82 
08.05.2012; 311,20 
09.05.2012; 311,56 
10.05.2012; 307,17 
11.05.2012; 307,31 
14.05.2012; 303,29 
15.05.2012; 302,28 
16.05.2012; 298,60 
17.05.2012; 293,49 
18.05.2012; 289,58 
21.05.2012; 296,30 
22.05.2012; 295,78 
23.05.2012; 296,89 
24.05.2012; 292,22 
25.05.2012; 293,92 
29.05.2012; 298,93 
30.05.2012; 294,09 
31.05.2012; 295,18 
01.06.2012; 285,55 
04.06.2012; 284,67 
05.06.2012; 289,90 
06.06.2012; 297,55 
07.06.2012; 294,35 
08.06.2012; 298,35 
11.06.2012; 290,83 
12.06.2012; 296,02 
13.06.2012; 293,64 
14.06.2012; 295,12 
15.06.2012; 299,34 
18.06.2012; 302,50 
19.06.2012; 304,57 
20.06.2012; 305,49 
21.06.2012; 297,65 
22.06.2012; 301,77 
25.06.2012; 295,67 
26.06.2012; 296,65 
27.06.2012; 300,08 
28.06.2012; 299,21 
29.06.2012; 307,43 
02.07.2012; 309,49 
03.07.2012; 312,80 
05.07.2012; 311,50 
06.07.2012; 304,03 
09.07.2012; 300,82 
10.07.2012; 298,53 
11.07.2012; 294,50 
12.07.2012; 291,47 
13.07.2012; 294,32 
16.07.2012; 291,62 
17.07.2012; 291,91 
18.07.2012; 297,76 
19.07.2012; 300,25 
20.07.2012; 295,47 
23.07.2012; 290,11 
24.07.2012; 286,30 
25.07.2012; 288,15 
26.07.2012; 296,29 
27.07.2012; 304,69 
30.07.2012; 304,04 
31.07.2012; 304,28 
01.08.2012; 304,20 
02.08.2012; 300,83 
03.08.2012; 304,01 
06.08.2012; 311,22 
07.08.2012; 314,17 
08.08.2012; 317,23 
09.08.2012; 321,55 
10.08.2012; 323,65 
13.08.2012; 323,42 
14.08.2012; 319,71 
15.08.2012; 325,96 
16.08.2012; 329,51 
17.08.2012; 332,61 
20.08.2012; 329,68 
21.08.2012; 330,78 
22.08.2012; 326,12 
23.08.2012; 324,91 
24.08.2012; 327,52 
27.08.2012; 326,90 
28.08.2012; 328,75 
29.08.2012; 330,50 
30.08.2012; 323,67 
31.08.2012; 323,95 
04.09.2012; 325,64 
05.09.2012; 325,78 
06.09.2012; 334,15 
07.09.2012; 336,95 
10.09.2012; 333,67 
11.09.2012; 335,07 
12.09.2012; 339,30 
13.09.2012; 342,97 
14.09.2012; 346,95 
17.09.2012; 344,16 
18.09.2012; 343,18 
19.09.2012; 345,97 
20.09.2012; 343,01 
21.09.2012; 346,79 
24.09.2012; 343,55 
25.09.2012; 339,09 
26.09.2012; 337,31 
27.09.2012; 342,52 
28.09.2012; 337,48 
01.10.2012; 335,06 
02.10.2012; 336,24 
03.10.2012; 334,12 
04.10.2012; 335,13 
05.10.2012; 334,81 
08.10.2012; 333,25 
09.10.2012; 328,14 
10.10.2012; 326,07 
11.10.2012; 332,36 
12.10.2012; 330,87 
15.10.2012; 333,22 
16.10.2012; 334,89 
17.10.2012; 334,91 
18.10.2012; 331,20 
19.10.2012; 324,59 
22.10.2012; 323,92 
23.10.2012; 322,49 
24.10.2012; 321,07 
25.10.2012; 318,06 
26.10.2012; 320,73 
31.10.2012; 319,63 
01.11.2012; 326,99 
02.11.2012; 322,81 
05.11.2012; 324,85 
06.11.2012; 327,04 
07.11.2012; 321,52 
08.11.2012; 318,83 
09.11.2012; 319,80 
12.11.2012; 319,71 
13.11.2012; 316,88 
14.11.2012; 313,23 
15.11.2012; 312,07 
16.11.2012; 311,28 
19.11.2012; 316,23 
20.11.2012; 314,07 
21.11.2012; 316,81 
23.11.2012; 322,21 
26.11.2012; 322,89 
27.11.2012; 322,76 
28.11.2012; 325,50 
29.11.2012; 329,83 
30.11.2012; 331,76 
03.12.2012; 331,51 
04.12.2012; 332,19 
05.12.2012; 330,86 
06.12.2012; 333,10 
07.12.2012; 332,37 
10.12.2012; 334,07 
11.12.2012; 338,47 
12.12.2012; 338,56 
13.12.2012; 341,37 
14.12.2012; 341,98 
17.12.2012; 342,20 
18.12.2012; 348,08 
19.12.2012; 348,26 
20.12.2012; 350,51 
21.12.2012; 347,99 
24.12.2012; 346,61 
26.12.2012; 345,25 
27.12.2012; 344,01 
28.12.2012; 340,73 
31.12.2012; 346,84 
02.01.2013; 357,60 
03.01.2013; 354,04 
04.01.2013; 358,13 
07.01.2013; 357,70 
08.01.2013; 351,69 
09.01.2013; 352,44 
10.01.2013; 353,96 
11.01.2013; 354,56 
14.01.2013; 354,38 
15.01.2013; 354,99 
16.01.2013; 355,46 
17.01.2013; 356,62 
18.01.2013; 355,40 
22.01.2013; 357,32 
23.01.2013; 357,04 
24.01.2013; 358,64 
25.01.2013; 360,20 
28.01.2013; 361,91 
29.01.2013; 357,51 
30.01.2013; 353,73 
31.01.2013; 358,89 
01.02.2013; 360,12 
04.02.2013; 360,87 
05.02.2013; 363,89 
06.02.2013; 364,32 
07.02.2013; 365,49 
08.02.2013; 364,08 
11.02.2013; 363,32 
12.02.2013; 362,65 
13.02.2013; 360,31 
14.02.2013; 358,38 
15.02.2013; 357,38 
19.02.2013; 361,47 
20.02.2013; 354,00 
21.02.2013; 349,89 
22.02.2013; 354,79 
25.02.2013; 348,32 
26.02.2013; 347,89 
27.02.2013; 349,33 
28.02.2013; 345,23 
01.03.2013; 344,64 
04.03.2013; 344,85 
05.03.2013; 347,09 
06.03.2013; 348,37 
07.03.2013; 352,85 
08.03.2013; 353,76 
11.03.2013; 354,02 
12.03.2013; 352,85 
13.03.2013; 351,23 
14.03.2013; 353,59 
15.03.2013; 352,21 
18.03.2013; 350,79 
19.03.2013; 349,29 
20.03.2013; 351,82 
21.03.2013; 347,15 
22.03.2013; 347,04 
25.03.2013; 347,04 
26.03.2013; 346,55 
27.03.2013; 346,55 
28.03.2013; 347,82 
01.04.2013; 344,10 
02.04.2013; 343,41 
03.04.2013; 342,32 
04.04.2013; 343,27 
05.04.2013; 341,02 
08.04.2013; 345,23 
09.04.2013; 347,39 
10.04.2013; 357,87 
11.04.2013; 358,15 
12.04.2013; 357,52 
15.04.2013; 347,83 
16.04.2013; 350,51 
17.04.2013; 344,00 
18.04.2013; 342,86 
19.04.2013; 344,63 
22.04.2013; 346,47 
23.04.2013; 352,56 
24.04.2013; 348,17 
25.04.2013; 354,87 
26.04.2013; 352,07 
29.04.2013; 354,52 
30.04.2013; 356,17 
01.05.2013; 348,96 
02.05.2013; 350,94 
03.05.2013; 354,50 
06.05.2013; 357,41 
07.05.2013; 356,02 
08.05.2013; 358,48 
09.05.2013; 357,32 
10.05.2013; 360,82 
13.05.2013; 360,22 
14.05.2013; 363,54 
15.05.2013; 365,11 
16.05.2013; 368,70 
17.05.2013; 372,26 
20.05.2013; 371,09 
21.05.2013; 371,19 
22.05.2013; 363,08 
23.05.2013; 363,50 
24.05.2013; 363,99 
28.05.2013; 365,72 
29.05.2013; 364,45 
30.05.2013; 370,35 
31.05.2013; 367,13 
03.06.2013; 366,09 
04.06.2013; 362,38 
05.06.2013; 359,49 
06.06.2013; 367,74 
07.06.2013; 371,34 
10.06.2013; 371,88 
11.06.2013; 368,34 
12.06.2013; 365,80 
13.06.2013; 373,57 
14.06.2013; 370,85 
17.06.2013; 370,32 
18.06.2013; 373,36 
19.06.2013; 368,16 
20.06.2013; 362,86 
21.06.2013; 363,40 
24.06.2013; 356,28 
25.06.2013; 361,12 
26.06.2013; 362,67 
27.06.2013; 369,56 
28.06.2013; 369,85 
01.07.2013; 369,78 
02.07.2013; 368,74 
03.07.2013; 370,13 
05.07.2013; 374,06 
08.07.2013; 373,71 
09.07.2013; 373,16 
10.07.2013; 376,15 
11.07.2013; 383,89 
12.07.2013; 386,92 
15.07.2013; 390,37 
16.07.2013; 389,06 
17.07.2013; 391,55 
18.07.2013; 393,13 
19.07.2013; 393,60 
22.07.2013; 395,03 
23.07.2013; 393,14 
24.07.2013; 389,75 
25.07.2013; 392,08 
26.07.2013; 388,34 
29.07.2013; 386,80 
30.07.2013; 389,26 
31.07.2013; 387,43 
01.08.2013; 392,03 
02.08.2013; 392,95 
05.08.2013; 395,08 
06.08.2013; 391,41 
07.08.2013; 392,89 
08.08.2013; 395,79 
09.08.2013; 394,57 
12.08.2013; 396,11 
13.08.2013; 397,13 
14.08.2013; 396,28 
15.08.2013; 388,65 
16.08.2013; 387,21 
19.08.2013; 383,17 
20.08.2013; 385,41 
21.08.2013; 381,14 
22.08.2013; 384,63 
23.08.2013; 386,66 
26.08.2013; 384,98 
27.08.2013; 376,70 
28.08.2013; 376,94 
29.08.2013; 379,33 
30.08.2013; 374,97 
03.09.2013; 378,05 
04.09.2013; 386,07 
05.09.2013; 387,05 
06.09.2013; 387,10 
09.09.2013; 392,50 
10.09.2013; 396,58 
11.09.2013; 398,93 
12.09.2013; 397,70 
13.09.2013; 398,20 
16.09.2013; 396,88 
17.09.2013; 400,65 
18.09.2013; 404,36 
19.09.2013; 404,14 
20.09.2013; 401,03 
23.09.2013; 398,92 
24.09.2013; 398,73 
25.09.2013; 399,40 
26.09.2013; 399,79 
27.09.2013; 396,76 
30.09.2013; 395,72 
01.10.2013; 400,17 
02.10.2013; 401,57 
03.10.2013; 399,07 
04.10.2013; 405,80 
07.10.2013; 403,18 
08.10.2013; 394,57 
09.10.2013; 391,77 
10.10.2013; 399,70 
11.10.2013; 404,05 
14.10.2013; 405,83 
15.10.2013; 401,15 
16.10.2013; 405,52 
17.10.2013; 408,17 
18.10.2013; 413,15 
21.10.2013; 413,54 
22.10.2013; 412,78 
23.10.2013; 408,54 
24.10.2013; 405,82 
25.10.2013; 402,91 
28.10.2013; 402,29 
29.10.2013; 405,67 
30.10.2013; 399,98 
31.10.2013; 399,33 
01.11.2013; 396,22 
04.11.2013; 398,64 
05.11.2013; 398,56 
06.11.2013; 398,47 
07.11.2013; 389,62 
08.11.2013; 395,97 
11.11.2013; 396,07 
12.11.2013; 397,13 
13.11.2013; 399,64 
14.11.2013; 395,58 
15.11.2013; 398,94 
18.11.2013; 396,09 
19.11.2013; 394,52 
20.11.2013; 392,14 
21.11.2013; 397,57 
22.11.2013; 397,58 
25.11.2013; 394,85 
26.11.2013; 398,09 
27.11.2013; 400,13 
29.11.2013; 400,85 
02.12.2013; 395,75 
03.12.2013; 394,91 
04.12.2013; 397,73 
05.12.2013; 398,20 
06.12.2013; 400,48 
09.12.2013; 400,77 
10.12.2013; 397,04 
11.12.2013; 393,09 
12.12.2013; 390,23 
13.12.2013; 393,21 
16.12.2013; 396,37 
17.12.2013; 399,70 
18.12.2013; 402,62 
19.12.2013; 405,03 
20.12.2013; 411,58 
23.12.2013; 414,97 
24.12.2013; 417,18 
26.12.2013; 418,32 
27.12.2013; 420,36 
30.12.2013; 421,81 
31.12.2013; 423,30 
02.01.2014; 417,32 
03.01.2014; 419,16 
06.01.2014; 419,30 
07.01.2014; 423,11 
08.01.2014; 427,18 
09.01.2014; 419,50 
10.01.2014; 420,77 
13.01.2014; 418,18 
14.01.2014; 423,15 
15.01.2014; 429,15 
16.01.2014; 428,87 
17.01.2014; 429,01 
21.01.2014; 431,24 
22.01.2014; 433,84 
23.01.2014; 429,69 
24.01.2014; 419,79 
27.01.2014; 418,60 
28.01.2014; 421,20 
29.01.2014; 417,16 
30.01.2014; 425,07 
31.01.2014; 420,88 
03.02.2014; 408,03 
04.02.2014; 412,03 
05.02.2014; 409,36 
06.02.2014; 414,59 
07.02.2014; 419,70 
10.02.2014; 420,41 
11.02.2014; 422,74 
12.02.2014; 423,89 
13.02.2014; 429,76 
14.02.2014; 431,87 
18.02.2014; 435,75 
19.02.2014; 433,31 
20.02.2014; 440,24 
21.02.2014; 436,77 
24.02.2014; 435,84 
25.02.2014; 433,56 
26.02.2014; 434,09 
27.02.2014; 437,10 
28.02.2014; 427,63 
03.03.2014; 425,42 
04.03.2014; 435,36 
05.03.2014; 436,36 
06.03.2014; 436,16 
07.03.2014; 436,26 
10.03.2014; 433,83 
11.03.2014; 428,79 
12.03.2014; 433,67 
13.03.2014; 426,71 
14.03.2014; 426,72 
17.03.2014; 431,87 
18.03.2014; 436,62 
19.03.2014; 434,50 
20.03.2014; 439,68 
21.03.2014; 439,00 
24.03.2014; 433,49 
25.03.2014; 434,40 
26.03.2014; 425,78 
27.03.2014; 424,03 
28.03.2014; 424,49 
31.03.2014; 432,02 
01.04.2014; 440,38 
02.04.2014; 441,13 
03.04.2014; 436,41 
04.04.2014; 425,88 
07.04.2014; 418,70 
08.04.2014; 423,27 
09.04.2014; 428,45 
10.04.2014; 415,74 
11.04.2014; 409,41 
14.04.2014; 412,23 
15.04.2014; 414,00 
16.04.2014; 417,93 
17.04.2014; 422,89 
21.04.2014; 423,70 
22.04.2014; 428,62 
23.04.2014; 425,59 
24.04.2014; 422,91 
25.04.2014; 412,35 
28.04.2014; 408,83 
29.04.2014; 412,49 
30.04.2014; 416,68 
01.05.2014; 416,93 
02.05.2014; 416,85 
05.05.2014; 416,75 
06.05.2014; 411,14 
07.05.2014; 407,64 
08.05.2014; 405,00 
09.05.2014; 405,54 
12.05.2014; 414,39 
13.05.2014; 412,51 
14.05.2014; 407,90 
15.05.2014; 409,94 
16.05.2014; 410,92 
19.05.2014; 417,05 
20.05.2014; 411,90 
21.05.2014; 412,29 
22.05.2014; 416,63 
23.05.2014; 418,43 
27.05.2014; 422,26 
28.05.2014; 423,80 
29.05.2014; 426,25 
30.05.2014; 424,22 
02.06.2014; 419,37 
03.06.2014; 419,38 
04.06.2014; 418,97 
05.06.2014; 425,87 
06.06.2014; 427,80 
09.06.2014; 429,76 
10.06.2014; 429,31 
11.06.2014; 427,55 
12.06.2014; 424,81 
13.06.2014; 425,42 
16.06.2014; 426,22 
17.06.2014; 429,08 
18.06.2014; 430,53 
19.06.2014; 429,02 
20.06.2014; 430,22 
23.06.2014; 428,24 
24.06.2014; 423,86 
25.06.2014; 424,48 
26.06.2014; 426,27 
27.06.2014; 429,13 
30.06.2014; 431,90 
01.07.2014; 435,00 
02.07.2014; 433,88 
03.07.2014; 436,88 
07.07.2014; 431,46 
08.07.2014; 421,89 
09.07.2014; 423,52 
10.07.2014; 421,13 
11.07.2014; 423,93 
14.07.2014; 424,15 
15.07.2014; 421,11 
16.07.2014; 421,78 
17.07.2014; 417,97 
18.07.2014; 423,96 
21.07.2014; 423,85 
22.07.2014; 428,70 
23.07.2014; 424,33 
24.07.2014; 427,14 
25.07.2014; 423,54 
28.07.2014; 422,80 
29.07.2014; 427,80 
30.07.2014; 430,32 
31.07.2014; 422,28 
01.08.2014; 417,20 
04.08.2014; 418,67 
05.08.2014; 420,58 
06.08.2014; 417,66 
07.08.2014; 413,95 
08.08.2014; 416,22 
11.08.2014; 419,10 
12.08.2014; 417,93 
13.08.2014; 418,41 
14.08.2014; 419,00 
15.08.2014; 417,38 
18.08.2014; 421,99 
19.08.2014; 423,69 
20.08.2014; 424,80 
21.08.2014; 427,26 
22.08.2014; 427,69 
25.08.2014; 428,70 
26.08.2014; 433,38 
27.08.2014; 432,71 
28.08.2014; 431,44 
29.08.2014; 434,87 
02.09.2014; 436,06 
03.09.2014; 435,24 
04.09.2014; 432,50 
05.09.2014; 435,63 
08.09.2014; 438,61 
09.09.2014; 433,15 
10.09.2014; 437,61 
11.09.2014; 442,95 
12.09.2014; 439,22 
15.09.2014; 431,24 
16.09.2014; 434,42 
17.09.2014; 434,30 
18.09.2014; 439,09 
19.09.2014; 434,93 
22.09.2014; 427,51 
23.09.2014; 423,90 
24.09.2014; 427,14 
25.09.2014; 419,16 
26.09.2014; 421,68 
29.09.2014; 421,26 
30.09.2014; 418,07 
01.10.2014; 410,46 
02.10.2014; 413,13 
03.10.2014; 413,47 
06.10.2014; 407,12 
07.10.2014; 402,02 
08.10.2014; 405,83 
09.10.2014; 395,81 
10.10.2014; 379,84 
13.10.2014; 376,45 
14.10.2014; 380,22 
15.10.2014; 387,14 
16.10.2014; 388,87 
17.10.2014; 393,43 
20.10.2014; 397,47 
21.10.2014; 404,74 
22.10.2014; 398,35 
23.10.2014; 410,25 
24.10.2014; 409,97 
27.10.2014; 410,90 
28.10.2014; 420,73 
29.10.2014; 419,79 
30.10.2014; 425,23 
31.10.2014; 431,44 
03.11.2014; 433,49 
04.11.2014; 432,29 
05.11.2014; 429,90 
06.11.2014; 427,99 
07.11.2014; 431,15 
10.11.2014; 429,48 
11.11.2014; 428,74 
12.11.2014; 431,68 
13.11.2014; 429,60 
14.11.2014; 434,31 
17.11.2014; 429,25 
18.11.2014; 431,39 
19.11.2014; 427,46 
20.11.2014; 431,86 
21.11.2014; 431,02 
24.11.2014; 434,79 
25.11.2014; 436,43 
26.11.2014; 438,84 
28.11.2014; 437,26 
01.12.2014; 431,51 
02.12.2014; 430,94 
03.12.2014; 434,58 
04.12.2014; 431,09 
05.12.2014; 435,47 
08.12.2014; 429,28 
09.12.2014; 433,57 
10.12.2014; 422,60 
11.12.2014; 425,90 
12.12.2014; 419,47 
15.12.2014; 418,60 
16.12.2014; 418,85 
17.12.2014; 428,67 
18.12.2014; 438,00 
19.12.2014; 439,75 
22.12.2014; 442,18 
23.12.2014; 442,62 
24.12.2014; 442,93 
26.12.2014; 445,01 
29.12.2014; 444,05 
30.12.2014; 441,42 
31.12.2014; 437,90 
02.01.2015; 437,06 
05.01.2015; 429,78 
06.01.2015; 421,15 
07.01.2015; 424,37 
08.01.2015; 431,09 
09.01.2015; 428,27 
12.01.2015; 426,22 
13.01.2015; 428,09 
14.01.2015; 426,33 
15.01.2015; 417,84 
16.01.2015; 423,84 
20.01.2015; 424,28 
21.01.2015; 425,76 
22.01.2015; 428,88 
23.01.2015; 430,90 
26.01.2015; 432,36 
27.01.2015; 429,27 
28.01.2015; 426,89 
29.01.2015; 427,35 
30.01.2015; 420,27 
02.02.2015; 425,29 
03.02.2015; 433,12 
04.02.2015; 430,31 
05.02.2015; 436,06 
06.02.2015; 437,16 
09.02.2015; 436,76 
10.02.2015; 441,28 
11.02.2015; 443,17 
12.02.2015; 448,46 
13.02.2015; 450,76 
17.02.2015; 450,85 
18.02.2015; 449,63 
19.02.2015; 450,53 
20.02.2015; 454,05 
23.02.2015; 449,33 
24.02.2015; 450,29 
25.02.2015; 454,98 
26.02.2015; 454,83 
27.02.2015; 457,95 
02.03.2015; 459,99 
03.03.2015; 456,79 
04.03.2015; 454,05 
05.03.2015; 455,18 
06.03.2015; 451,54 
09.03.2015; 453,42 
10.03.2015; 445,36 
11.03.2015; 449,00 
12.03.2015; 451,62 
13.03.2015; 447,86 
16.03.2015; 453,74 
17.03.2015; 452,92 
18.03.2015; 457,59 
19.03.2015; 455,01 
20.03.2015; 457,75 
23.03.2015; 456,46 
24.03.2015; 450,25 
25.03.2015; 439,98 
26.03.2015; 439,71 
27.03.2015; 440,91 
30.03.2015; 444,89 
31.03.2015; 442,69 
01.04.2015; 445,21 
02.04.2015; 446,76 
06.04.2015; 448,27 
07.04.2015; 448,14 
08.04.2015; 448,60 
09.04.2015; 450,35 
10.04.2015; 450,47 
13.04.2015; 448,35 
14.04.2015; 449,40 
15.04.2015; 453,44 
16.04.2015; 453,19 
17.04.2015; 445,45 
20.04.2015; 451,38 
21.04.2015; 454,45 
22.04.2015; 456,77 
23.04.2015; 460,24 
24.04.2015; 458,57 
27.04.2015; 454,93 
28.04.2015; 460,52 
29.04.2015; 456,78 
30.04.2015; 448,54 
01.05.2015; 450,81 
04.05.2015; 452,54 
05.05.2015; 445,42 
06.05.2015; 442,41 
07.05.2015; 442,18 
08.05.2015; 446,21 
11.05.2015; 447,48 
12.05.2015; 447,75 
13.05.2015; 446,46 
14.05.2015; 450,14 
15.05.2015; 451,13 
18.05.2015; 454,43 
19.05.2015; 451,88 
20.05.2015; 451,08 
21.05.2015; 451,46 
22.05.2015; 451,18 
26.05.2015; 447,36 
27.05.2015; 451,68 
28.05.2015; 453,74 
29.05.2015; 453,33 
01.06.2015; 452,00 
02.06.2015; 453,55 
03.06.2015; 457,64 
04.06.2015; 452,84 
05.06.2015; 454,36 
08.06.2015; 451,34 
09.06.2015; 450,40 
10.06.2015; 456,02 
11.06.2015; 456,26 
12.06.2015; 456,27 
15.06.2015; 454,92 
16.06.2015; 456,79 
17.06.2015; 457,06 
18.06.2015; 461,66 
19.06.2015; 459,26 
22.06.2015; 459,48 
23.06.2015; 460,41 
24.06.2015; 454,03 
25.06.2015; 452,68 
26.06.2015; 446,61 
29.06.2015; 436,45 
30.06.2015; 436,11 
01.07.2015; 438,39 
02.07.2015; 434,17 
06.07.2015; 429,27 
07.07.2015; 429,07 
08.07.2015; 422,46 
09.07.2015; 421,17 
10.07.2015; 428,59 
13.07.2015; 431,56 
14.07.2015; 435,55 
15.07.2015; 433,23 
16.07.2015; 437,98 
17.07.2015; 435,62 
20.07.2015; 432,20 
21.07.2015; 431,82 
22.07.2015; 428,34 
23.07.2015; 430,19 
24.07.2015; 426,79 
27.07.2015; 421,96 
28.07.2015; 424,31 
29.07.2015; 427,35 
30.07.2015; 434,93 
31.07.2015; 439,02 
03.08.2015; 436,04 
04.08.2015; 434,21 
05.08.2015; 436,25 
06.08.2015; 431,54 
07.08.2015; 429,41 
10.08.2015; 438,97 
11.08.2015; 433,14 
12.08.2015; 433,91 
13.08.2015; 433,21 
14.08.2015; 437,68 
17.08.2015; 443,36 
18.08.2015; 440,45 
19.08.2015; 436,84 
20.08.2015; 424,02 
21.08.2015; 419,60 
24.08.2015; 402,77 
25.08.2015; 399,87 
26.08.2015; 412,22 
27.08.2015; 419,51 
28.08.2015; 422,25 
31.08.2015; 421,09 
01.09.2015; 411,27 
02.09.2015; 418,06 
03.09.2015; 420,28 
04.09.2015; 415,21 
08.09.2015; 421,68 
09.09.2015; 418,25 
10.09.2015; 419,43 
11.09.2015; 415,08 
14.09.2015; 413,41 
15.09.2015; 419,14 
16.09.2015; 421,12 
17.09.2015; 421,31 
18.09.2015; 416,31 
21.09.2015; 416,33 
22.09.2015; 410,10 
23.09.2015; 408,28 
24.09.2015; 408,14 
25.09.2015; 406,77 
28.09.2015; 398,29 
29.09.2015; 394,75 
30.09.2015; 401,52 
01.10.2015; 398,92 
02.10.2015; 406,07 
05.10.2015; 418,68 
06.10.2015; 417,84 
07.10.2015; 422,77 
08.10.2015; 427,11 
09.10.2015; 425,23 
12.10.2015; 424,72 
13.10.2015; 420,69 
14.10.2015; 418,38 
15.10.2015; 426,47 
16.10.2015; 426,71 
19.10.2015; 424,69 
20.10.2015; 428,81 
21.10.2015; 422,22 
22.10.2015; 431,51 
23.10.2015; 439,54 
26.10.2015; 435,66 
27.10.2015; 430,30 
28.10.2015; 443,48 
29.10.2015; 436,28 
30.10.2015; 435,74 
02.11.2015; 442,30 
03.11.2015; 443,58 
04.11.2015; 441,10 
05.11.2015; 440,54 
06.11.2015; 444,41 
09.11.2015; 438,15 
10.11.2015; 434,22 
11.11.2015; 434,10 
12.11.2015; 428,90 
13.11.2015; 422,31 
16.11.2015; 429,00 
17.11.2015; 429,29 
18.11.2015; 432,16 
19.11.2015; 432,16 
20.11.2015; 433,80 
23.11.2015; 434,79 
24.11.2015; 434,37 
25.11.2015; 435,36 
27.11.2015; 437,70 
30.11.2015; 437,20 
01.12.2015; 440,29 
02.12.2015; 438,58 
03.12.2015; 432,24 
04.12.2015; 438,27 
07.12.2015; 434,92 
08.12.2015; 432,89 
09.12.2015; 427,37 
10.12.2015; 424,55 
11.12.2015; 417,37 
14.12.2015; 412,99 
15.12.2015; 417,87 
16.12.2015; 425,48 
17.12.2015; 421,33 
18.12.2015; 415,93 
21.12.2015; 418,64 
22.12.2015; 422,75 
23.12.2015; 429,99 
24.12.2015; 430,09 
28.12.2015; 429,22 
29.12.2015; 433,47 
30.12.2015; 428,41 
31.12.2015; 424,61 
04.01.2016; 417,66 
05.01.2016; 416,74 
06.01.2016; 410,78 
07.01.2016; 397,24 
08.01.2016; 392,19 
11.01.2016; 392,77 
12.01.2016; 392,49 
13.01.2016; 381,17 
14.01.2016; 386,48 
15.01.2016; 376,33 
19.01.2016; 372,67 
20.01.2016; 367,75 
21.01.2016; 368,13 
22.01.2016; 381,65 
25.01.2016; 376,85 
26.01.2016; 385,16 
27.01.2016; 381,33 
28.01.2016; 373,55 
29.01.2016; 385,14 
01.02.2016; 385,73 
02.02.2016; 372,80 
03.02.2016; 379,41 
04.02.2016; 383,21 
05.02.2016; 373,24 
08.02.2016; 360,99 
09.02.2016; 359,11 
10.02.2016; 361,57 
11.02.2016; 363,43 
12.02.2016; 369,44 
16.02.2016; 381,98 
17.02.2016; 389,48 
18.02.2016; 390,08 
19.02.2016; 391,61 
22.02.2016; 398,14 
23.02.2016; 397,45 
24.02.2016; 406,05 
25.02.2016; 409,08 
26.02.2016; 412,50 
29.02.2016; 414,34 
01.03.2016; 420,15 
02.03.2016; 424,54 
03.03.2016; 422,61 
04.03.2016; 422,33 
07.03.2016; 424,69 
08.03.2016; 415,83 
09.03.2016; 417,39 
10.03.2016; 413,89 
11.03.2016; 423,43 
14.03.2016; 420,76 
15.03.2016; 413,62 
16.03.2016; 417,89 
17.03.2016; 423,18 
18.03.2016; 424,83 
21.03.2016; 424,24 
22.03.2016; 424,35 
23.03.2016; 417,54 
24.03.2016; 420,32 
28.03.2016; 419,17 
29.03.2016; 429,50 
30.03.2016; 432,36 
31.03.2016; 433,51 
01.04.2016; 435,13 
04.04.2016; 434,23 
05.04.2016; 429,01 
06.04.2016; 433,72 
07.04.2016; 426,27 
08.04.2016; 428,09 
11.04.2016; 425,55 
12.04.2016; 423,82 
13.04.2016; 430,42 
14.04.2016; 430,79 
15.04.2016; 429,46 
18.04.2016; 430,18 
19.04.2016; 429,10 
20.04.2016; 430,37 
21.04.2016; 427,87 
22.04.2016; 434,40 
25.04.2016; 433,00 
26.04.2016; 434,91 
27.04.2016; 439,93 
28.04.2016; 435,26 
29.04.2016; 430,89 
02.05.2016; 432,85 
03.05.2016; 426,10 
04.05.2016; 424,66 
05.05.2016; 419,27 
06.05.2016; 421,41 
09.05.2016; 420,82 
10.05.2016; 425,92 
11.05.2016; 424,82 
12.05.2016; 421,85 
13.05.2016; 420,63 
16.05.2016; 424,15 
17.05.2016; 417,26 
18.05.2016; 421,70 
19.05.2016; 417,52 
20.05.2016; 423,48 
23.05.2016; 424,50 
24.05.2016; 431,19 
25.05.2016; 432,57 
26.05.2016; 435,24 
27.05.2016; 436,45 
31.05.2016; 439,85 
01.06.2016; 439,47 
02.06.2016; 443,88 
03.06.2016; 442,24 
06.06.2016; 444,45 
07.06.2016; 447,97 
08.06.2016; 448,86 
09.06.2016; 446,22 
10.06.2016; 439,89 
13.06.2016; 435,32 
14.06.2016; 437,50 
15.06.2016; 439,74 
16.06.2016; 442,63 
17.06.2016; 442,43 
20.06.2016; 445,00 
21.06.2016; 445,44 
22.06.2016; 443,27 
23.06.2016; 453,10 
24.06.2016; 431,69 
27.06.2016; 415,92 
28.06.2016; 425,06 
29.06.2016; 435,56 
30.06.2016; 442,83 
01.07.2016; 441,47 
05.07.2016; 436,01 
06.07.2016; 437,86 
07.07.2016; 440,07 
08.07.2016; 453,12 
11.07.2016; 457,43 
12.07.2016; 461,98 
13.07.2016; 461,93 
14.07.2016; 461,28 
15.07.2016; 463,20 
18.07.2016; 462,96 
19.07.2016; 460,32 
20.07.2016; 464,18 
21.07.2016; 460,34 
22.07.2016; 466,15 
25.07.2016; 472,12 
26.07.2016; 475,21 
27.07.2016; 471,70 
28.07.2016; 467,86 
29.07.2016; 470,44 
01.08.2016; 470,04 
02.08.2016; 462,38 
03.08.2016; 468,49 
04.08.2016; 468,34 
05.08.2016; 472,70 
08.08.2016; 471,99 
09.08.2016; 475,24 
10.08.2016; 472,77 
11.08.2016; 472,49 
12.08.2016; 473,64 
15.08.2016; 479,21 
16.08.2016; 475,46 
17.08.2016; 471,48 
18.08.2016; 476,24 
19.08.2016; 475,85 
22.08.2016; 476,14 
23.08.2016; 479,23 
24.08.2016; 476,98 
25.08.2016; 478,68 
26.08.2016; 476,07 
29.08.2016; 480,58 
30.08.2016; 481,68 
31.08.2016; 478,75 
01.09.2016; 481,40 
02.09.2016; 487,07 
06.09.2016; 488,30 
07.09.2016; 491,17 
08.09.2016; 490,16 
09.09.2016; 478,93 
12.09.2016; 488,18 
13.09.2016; 479,85 
14.09.2016; 482,74 
15.09.2016; 489,82 
16.09.2016; 487,86 
19.09.2016; 492,12 
20.09.2016; 485,87 
21.09.2016; 492,22 
22.09.2016; 501,32 
23.09.2016; 498,84 
26.09.2016; 495,30 
27.09.2016; 500,97 
28.09.2016; 503,07 
29.09.2016; 498,20 
30.09.2016; 498,31 
03.10.2016; 495,68 
04.10.2016; 493,95 
05.10.2016; 497,41 
06.10.2016; 497,89 
07.10.2016; 495,90 
10.10.2016; 498,64 
11.10.2016; 488,91 
12.10.2016; 486,20 
13.10.2016; 481,27 
14.10.2016; 481,05 
17.10.2016; 479,56 
18.10.2016; 483,97 
19.10.2016; 487,21 
20.10.2016; 484,13 
21.10.2016; 483,84 
24.10.2016; 490,29 
25.10.2016; 485,92 
26.10.2016; 488,26 
27.10.2016; 481,19 
28.10.2016; 480,00 
31.10.2016; 480,90 
01.11.2016; 476,34 
02.11.2016; 468,59 
03.11.2016; 470,47 
04.11.2016; 473,76 
07.11.2016; 483,68 
08.11.2016; 488,62 
09.11.2016; 497,60 
10.11.2016; 493,53 
11.11.2016; 501,31 
14.11.2016; 504,55 
15.11.2016; 509,74 
16.11.2016; 511,25 
17.11.2016; 510,34 
18.11.2016; 513,13 
21.11.2016; 515,78 
22.11.2016; 517,18 
23.11.2016; 519,40 
25.11.2016; 522,31 
28.11.2016; 519,34 
29.11.2016; 518,99 
30.11.2016; 512,14 
01.12.2016; 504,35 
02.12.2016; 504,33 
05.12.2016; 513,23 
06.12.2016; 516,56 
07.12.2016; 526,77 
08.12.2016; 535,42 
09.12.2016; 531,61 
12.12.2016; 526,14 
13.12.2016; 529,63 
14.12.2016; 526,55 
15.12.2016; 532,80 
16.12.2016; 529,84 
19.12.2016; 535,46 
20.12.2016; 535,66 
21.12.2016; 533,70 
22.12.2016; 531,26 
23.12.2016; 533,88 
27.12.2016; 536,62 
28.12.2016; 529,81 
29.12.2016; 530,99 
30.12.2016; 526,25 
03.01.2017; 534,04 
04.01.2017; 540,74 
05.01.2017; 537,50 
06.01.2017; 533,59 
09.01.2017; 530,00 
10.01.2017; 533,56 
11.01.2017; 532,97 
12.01.2017; 530,93 
13.01.2017; 534,39 
17.01.2017; 527,57 
18.01.2017; 527,31 
19.01.2017; 530,22 
20.01.2017; 530,05 
23.01.2017; 530,85 
24.01.2017; 537,90 
25.01.2017; 540,77 
26.01.2017; 539,75 
27.01.2017; 539,88 
30.01.2017; 534,90 
31.01.2017; 538,50 
01.02.2017; 534,13 
02.02.2017; 533,95 
03.02.2017; 539,05 
06.02.2017; 534,25 
07.02.2017; 534,15 
08.02.2017; 536,61 
09.02.2017; 541,90 
10.02.2017; 547,23 
13.02.2017; 550,65 
14.02.2017; 554,36 
15.02.2017; 552,23 
16.02.2017; 552,10 
17.02.2017; 557,40 
21.02.2017; 562,64 
22.02.2017; 559,31 
23.02.2017; 549,30 
24.02.2017; 547,65 
27.02.2017; 548,19 
28.02.2017; 538,90 
01.03.2017; 541,00 
02.03.2017; 534,45 
03.03.2017; 535,89 
06.03.2017; 532,60 
07.03.2017; 527,62 
08.03.2017; 524,41 
09.03.2017; 527,54 
10.03.2017; 526,47 
13.03.2017; 526,75 
14.03.2017; 523,31 
15.03.2017; 532,00 
16.03.2017; 537,13 
17.03.2017; 539,63 
20.03.2017; 540,49 
21.03.2017; 532,28 
22.03.2017; 532,99 
23.03.2017; 532,31 
24.03.2017; 535,92 
27.03.2017; 535,30 
28.03.2017; 535,33 
29.03.2017; 535,94 
30.03.2017; 539,40 
31.03.2017; 538,65 
03.04.2017; 533,59 
04.04.2017; 534,62 
05.04.2017; 526,10 
06.04.2017; 530,45 
07.04.2017; 529,78 
10.04.2017; 530,29 
11.04.2017; 529,01 
12.04.2017; 525,18 
13.04.2017; 523,02 
17.04.2017; 529,43 
18.04.2017; 528,74 
19.04.2017; 529,18 
20.04.2017; 531,91 
21.04.2017; 529,50 
24.04.2017; 538,53 
25.04.2017; 544,98 
26.04.2017; 539,82 
27.04.2017; 539,68 
28.04.2017; 536,95 
01.05.2017; 538,63 
02.05.2017; 537,03 
03.05.2017; 527,23 
04.05.2017; 522,03 
05.05.2017; 530,99 
08.05.2017; 533,74 
09.05.2017; 537,43 
10.05.2017; 536,99 
11.05.2017; 529,92 
12.05.2017; 534,86 
15.05.2017; 538,17 
16.05.2017; 541,15 
17.05.2017; 523,10 
18.05.2017; 523,47 
19.05.2017; 527,70 
22.05.2017; 539,41 
23.05.2017; 536,71 
24.05.2017; 535,39 
25.05.2017; 537,01 
26.05.2017; 538,66 
30.05.2017; 536,41 
31.05.2017; 535,68 
01.06.2017; 550,37 
02.06.2017; 555,72 
05.06.2017; 555,67 
06.06.2017; 559,61 
07.06.2017; 556,41 
08.06.2017; 561,38 
09.06.2017; 548,13 
12.06.2017; 550,41 
13.06.2017; 554,31 
14.06.2017; 551,59 
15.06.2017; 548,52 
16.06.2017; 550,78 
19.06.2017; 552,01 
20.06.2017; 543,46 
21.06.2017; 540,25 
22.06.2017; 541,97 
23.06.2017; 550,07 
26.06.2017; 546,67 
27.06.2017; 539,39 
28.06.2017; 546,97 
29.06.2017; 536,03 
30.06.2017; 534,33 
03.07.2017; 534,47 
05.07.2017; 533,43 
06.07.2017; 526,59 
07.07.2017; 534,23 
10.07.2017; 535,96 
11.07.2017; 533,53 
12.07.2017; 534,62 
13.07.2017; 535,70 
14.07.2017; 537,05 
17.07.2017; 537,69 
18.07.2017; 536,06 
19.07.2017; 544,77 
20.07.2017; 545,96 
21.07.2017; 548,54 
24.07.2017; 549,53 
25.07.2017; 554,37 
26.07.2017; 551,65 
27.07.2017; 550,95 
28.07.2017; 546,98 
31.07.2017; 544,28 
01.08.2017; 550,18 
02.08.2017; 543,94 
03.08.2017; 542,36 
04.08.2017; 537,27 
07.08.2017; 540,09 
08.08.2017; 539,76 
09.08.2017; 533,75 
10.08.2017; 522,63 
11.08.2017; 525,72 
14.08.2017; 535,15 
15.08.2017; 529,95 
16.08.2017; 531,60 
17.08.2017; 520,88 
18.08.2017; 519,72 
21.08.2017; 516,54 
22.08.2017; 522,68 
23.08.2017; 527,86 
24.08.2017; 529,97 
25.08.2017; 530,79 
28.08.2017; 530,44 
29.08.2017; 531,29 
30.08.2017; 533,12 
31.08.2017; 531,87 
01.09.2017; 535,46 
05.09.2017; 527,32 
06.09.2017; 523,53 
07.09.2017; 517,76 
08.09.2017; 513,38 
11.09.2017; 516,96 
12.09.2017; 521,33 
13.09.2017; 520,75 
14.09.2017; 517,30 
15.09.2017; 522,40 
18.09.2017; 526,42 
19.09.2017; 528,10 
20.09.2017; 525,09 
21.09.2017; 522,45 
22.09.2017; 526,29 
25.09.2017; 523,04 
26.09.2017; 520,96 
27.09.2017; 530,18 
28.09.2017; 528,18 
29.09.2017; 528,49 
02.10.2017; 536,02 
03.10.2017; 540,96 
04.10.2017; 540,97 
05.10.2017; 537,70 
06.10.2017; 538,69 
09.10.2017; 537,41 
10.10.2017; 537,67 
11.10.2017; 536,04 
12.10.2017; 533,96 
13.10.2017; 530,18 
16.10.2017; 525,11 
17.10.2017; 523,30 
18.10.2017; 523,70 
19.10.2017; 523,30 
20.10.2017; 525,98 
23.10.2017; 524,79 
24.10.2017; 526,34 
25.10.2017; 521,68 
26.10.2017; 522,09 
27.10.2017; 522,79 
30.10.2017; 519,90 
31.10.2017; 524,15 
01.11.2017; 518,27 
02.11.2017; 503,15 
03.11.2017; 500,39 
06.11.2017; 501,81 
07.11.2017; 499,11 
08.11.2017; 503,08 
09.11.2017; 494,85 
10.11.2017; 497,54 
13.11.2017; 498,05 
14.11.2017; 497,53 
15.11.2017; 498,84 
16.11.2017; 508,65 
17.11.2017; 513,24 
20.11.2017; 517,74 
21.11.2017; 522,39 
22.11.2017; 524,91 
24.11.2017; 526,66 
27.11.2017; 526,90 
28.11.2017; 532,55 
29.11.2017; 531,79 
30.11.2017; 533,48 
01.12.2017; 529,98 
04.12.2017; 524,59 
05.12.2017; 518,33 
06.12.2017; 511,85 
07.12.2017; 513,99 
08.12.2017; 517,04 
11.12.2017; 523,53 
12.12.2017; 522,10 
13.12.2017; 529,81 
14.12.2017; 521,51 
15.12.2017; 522,07 
18.12.2017; 528,53 
19.12.2017; 526,44 
20.12.2017; 526,31 
21.12.2017; 526,98 
22.12.2017; 524,54 
26.12.2017; 521,81 
27.12.2017; 523,84 
28.12.2017; 524,70 
29.12.2017; 518,03 
02.01.2018; 524,90 
03.01.2018; 526,67 
04.01.2018; 528,07 
05.01.2018; 529,61 
08.01.2018; 533,69 
09.01.2018; 526,25 
10.01.2018; 523,46 
11.01.2018; 531,03 
12.01.2018; 536,76 
16.01.2018; 528,44 
17.01.2018; 531,49 
18.01.2018; 525,95 
19.01.2018; 530,23 
22.01.2018; 532,50 
23.01.2018; 529,58 
24.01.2018; 526,41 
25.01.2018; 527,63 
26.01.2018; 533,21 
29.01.2018; 528,04 
30.01.2018; 529,69 
31.01.2018; 529,92 
01.02.2018; 532,08 
02.02.2018; 525,86 
05.02.2018; 507,60 
06.02.2018; 520,45 
07.02.2018; 516,78 
08.02.2018; 503,87 
09.02.2018; 506,34 
12.02.2018; 512,25 
13.02.2018; 515,90 
14.02.2018; 523,79 
15.02.2018; 535,88 
16.02.2018; 534,48 
20.02.2018; 528,48 
21.02.2018; 523,93 
22.02.2018; 513,76 
23.02.2018; 525,38 
26.02.2018; 531,93 
27.02.2018; 527,04 
28.02.2018; 521,69 
01.03.2018; 520,37 
02.03.2018; 526,29 
05.03.2018; 533,27 
06.03.2018; 541,91 
07.03.2018; 546,50 
08.03.2018; 548,66 
09.03.2018; 554,07 
12.03.2018; 561,21 
13.03.2018; 556,55 
14.03.2018; 555,43 
15.03.2018; 550,82 
16.03.2018; 552,32 
19.03.2018; 541,03 
20.03.2018; 542,32 
21.03.2018; 543,27 
22.03.2018; 533,41 
23.03.2018; 522,50 
26.03.2018; 529,68 
27.03.2018; 521,42 
28.03.2018; 515,01 
29.03.2018; 523,95 
02.04.2018; 512,49 
03.04.2018; 515,31 
04.04.2018; 524,33 
05.04.2018; 528,36 
06.04.2018; 521,33 
09.04.2018; 521,57 
10.04.2018; 535,85 
11.04.2018; 541,27 
12.04.2018; 542,73 
13.04.2018; 539,81 
16.04.2018; 534,10 
17.04.2018; 544,54 
18.04.2018; 545,16 
19.04.2018; 542,57 
20.04.2018; 542,38 
23.04.2018; 539,17 
24.04.2018; 540,86 
25.04.2018; 537,08 
26.04.2018; 535,97 
27.04.2018; 536,91 
30.04.2018; 528,03 
01.05.2018; 523,11 
02.05.2018; 529,45 
03.05.2018; 528,04 
04.05.2018; 531,31 
07.05.2018; 537,08 
08.05.2018; 537,53 
09.05.2018; 532,12 
10.05.2018; 534,50 
11.05.2018; 533,44 
14.05.2018; 531,10 
15.05.2018; 530,95 
16.05.2018; 533,94 
17.05.2018; 533,79 
18.05.2018; 533,21 
21.05.2018; 538,41 
22.05.2018; 537,21 
23.05.2018; 534,31 
24.05.2018; 531,31 
25.05.2018; 532,64 
29.05.2018; 531,05 
30.05.2018; 533,98 
31.05.2018; 531,21 
01.06.2018; 536,23 
04.06.2018; 542,03 
05.06.2018; 545,82 
06.06.2018; 544,76 
07.06.2018; 544,58 
08.06.2018; 544,91 
11.06.2018; 546,67 
12.06.2018; 553,29 
13.06.2018; 553,33 
14.06.2018; 559,34 
15.06.2018; 559,81 
18.06.2018; 559,84 
19.06.2018; 557,42 
20.06.2018; 557,98 
21.06.2018; 550,02 
22.06.2018; 549,22 
25.06.2018; 540,75 
26.06.2018; 545,55 
27.06.2018; 538,68 
28.06.2018; 544,60 
29.06.2018; 547,78 
02.07.2018; 552,04 
03.07.2018; 551,11 
05.07.2018; 559,26 
06.07.2018; 567,52 
09.07.2018; 567,56 
10.07.2018; 569,78 
11.07.2018; 563,35 
12.07.2018; 569,84 
13.07.2018; 565,20 
16.07.2018; 561,64 
17.07.2018; 561,73 
18.07.2018; 558,94 
19.07.2018; 555,97 
20.07.2018; 549,89 
23.07.2018; 545,51 
24.07.2018; 542,76 
25.07.2018; 543,78 
26.07.2018; 548,84 
27.07.2018; 539,23 
30.07.2018; 535,63 
31.07.2018; 538,83 
01.08.2018; 538,12 
02.08.2018; 547,92 
03.08.2018; 547,92 
06.08.2018; 558,30 
07.08.2018; 561,09 
08.08.2018; 553,18 
09.08.2018; 561,98 
10.08.2018; 558,78 
13.08.2018; 560,32 
14.08.2018; 565,91 
15.08.2018; 557,05 
16.08.2018; 564,04 
17.08.2018; 567,58 
20.08.2018; 571,07 
21.08.2018; 575,26 
22.08.2018; 573,02 
23.08.2018; 575,04 
24.08.2018; 579,55 
27.08.2018; 581,69 
28.08.2018; 583,20 
29.08.2018; 583,33 
30.08.2018; 581,32 
31.08.2018; 582,15 
04.09.2018; 576,05 
05.09.2018; 571,51 
06.09.2018; 568,11 
07.09.2018; 569,10 
10.09.2018; 572,36 
11.09.2018; 572,80 
12.09.2018; 577,36 
13.09.2018; 578,51 
14.09.2018; 578,05 
17.09.2018; 576,03 
18.09.2018; 578,42 
19.09.2018; 573,79 
20.09.2018; 580,49 
21.09.2018; 577,83 
24.09.2018; 578,85 
25.09.2018; 581,44 
26.09.2018; 574,80 
27.09.2018; 576,42 
28.09.2018; 579,16 
01.10.2018; 569,82 
02.10.2018; 571,18 
03.10.2018; 575,01 
04.10.2018; 570,00 
05.10.2018; 559,25 
08.10.2018; 553,20 
09.10.2018; 550,54 
10.10.2018; 532,75 
11.10.2018; 520,92 
12.10.2018; 527,68 
15.10.2018; 530,35 
16.10.2018; 546,38 
17.10.2018; 549,71 
18.10.2018; 542,26 
19.10.2018; 540,31 
22.10.2018; 540,88 
23.10.2018; 538,73 
24.10.2018; 518,52 
25.10.2018; 529,05 
26.10.2018; 515,37 
29.10.2018; 509,60 
30.10.2018; 520,96 
31.10.2018; 531,56 
01.11.2018; 541,59 
02.11.2018; 550,07 
05.11.2018; 548,89 
06.11.2018; 551,09 
07.11.2018; 555,14 
08.11.2018; 553,12 
09.11.2018; 549,06 
12.11.2018; 529,44 
13.11.2018; 528,58 
14.11.2018; 525,64 
15.11.2018; 534,64 
16.11.2018; 536,62 
19.11.2018; 525,22 
20.11.2018; 513,66 
21.11.2018; 521,42 
23.11.2018; 521,20 
26.11.2018; 528,11 
27.11.2018; 527,01 
28.11.2018; 538,27 
29.11.2018; 534,32 
30.11.2018; 536,08 
03.12.2018; 542,99 
04.12.2018; 521,89 
06.12.2018; 525,16 
07.12.2018; 511,04 
10.12.2018; 512,30 
11.12.2018; 512,41 
12.12.2018; 518,68 
13.12.2018; 511,24 
14.12.2018; 502,35 
17.12.2018; 488,46 
18.12.2018; 485,81 
19.12.2018; 479,94 
20.12.2018; 471,52 
21.12.2018; 454,73 
24.12.2018; 445,22 
26.12.2018; 467,68 
27.12.2018; 469,37 
28.12.2018; 473,69 
31.12.2018; 478,87 
02.01.2019; 482,45 
03.01.2019; 472,65 
04.01.2019; 490,95 
07.01.2019; 499,72 
08.01.2019; 508,39 
09.01.2019; 507,60 
10.01.2019; 511,00 
11.01.2019; 514,94 
14.01.2019; 507,50 
15.01.2019; 511,48 
16.01.2019; 510,34 
17.01.2019; 511,03 
18.01.2019; 515,36 
22.01.2019; 504,64 
23.01.2019; 506,63 
24.01.2019; 510,96 
25.01.2019; 515,50 
28.01.2019; 512,17 
29.01.2019; 507,30 
30.01.2019; 510,17 
31.01.2019; 519,53 
01.02.2019; 522,36 
04.02.2019; 523,42 
05.02.2019; 519,93 
06.02.2019; 522,41 
07.02.2019; 514,79 
08.02.2019; 522,07 
11.02.2019; 526,83 
12.02.2019; 531,08 
13.02.2019; 534,35 
14.02.2019; 535,30 
15.02.2019; 547,50 
19.02.2019; 553,24 
20.02.2019; 555,97 
21.02.2019; 549,89 
22.02.2019; 556,44 
25.02.2019; 554,34 
26.02.2019; 550,31 
27.02.2019; 554,54 
28.02.2019; 547,66 
01.03.2019; 549,66 
04.03.2019; 547,07 
05.03.2019; 539,88 
06.03.2019; 532,00 
07.03.2019; 528,54 
08.03.2019; 526,54 
11.03.2019; 537,28 
12.03.2019; 536,94 
13.03.2019; 540,20 
14.03.2019; 536,70 
15.03.2019; 541,09 
18.03.2019; 541,82 
19.03.2019; 537,09 
20.03.2019; 533,45 
21.03.2019; 543,45 
22.03.2019; 530,39 
25.03.2019; 530,52 
26.03.2019; 536,63 
27.03.2019; 532,97 
28.03.2019; 534,81 
29.03.2019; 537,27 
01.04.2019; 545,92 
02.04.2019; 546,35 
03.04.2019; 551,30 
04.04.2019; 554,51 
05.04.2019; 557,19 
08.04.2019; 557,20 
09.04.2019; 553,73 
10.04.2019; 562,78 
11.04.2019; 562,31 
12.04.2019; 566,22 
15.04.2019; 563,68 
16.04.2019; 567,55 
17.04.2019; 561,38 
18.04.2019; 561,70 
22.04.2019; 564,51 
23.04.2019; 567,06 
24.04.2019; 564,38 
25.04.2019; 553,26 
26.04.2019; 553,66 
29.04.2019; 555,76 
30.04.2019; 554,82 
01.05.2019; 549,07 
02.05.2019; 547,91 
03.05.2019; 555,98 
06.05.2019; 550,39 
07.05.2019; 541,24 
08.05.2019; 542,62 
09.05.2019; 533,07 
10.05.2019; 533,36 
13.05.2019; 514,89 
14.05.2019; 520,98 
15.05.2019; 523,46 
16.05.2019; 522,79 
17.05.2019; 515,54 
20.05.2019; 515,38 
21.05.2019; 521,85 
22.05.2019; 516,94 
23.05.2019; 507,09 
24.05.2019; 512,90 
28.05.2019; 506,61 
29.05.2019; 504,48 
30.05.2019; 507,32 
31.05.2019; 494,07 
03.06.2019; 494,99 
04.06.2019; 505,95 
05.06.2019; 508,96 
06.06.2019; 513,35 
07.06.2019; 515,32 
10.06.2019; 517,00 
11.06.2019; 516,08 
12.06.2019; 513,58 
13.06.2019; 516,55 
14.06.2019; 510,23 
17.06.2019; 511,13 
18.06.2019; 521,55 
19.06.2019; 521,76 
20.06.2019; 523,81 
21.06.2019; 516,93 
24.06.2019; 513,17 
25.06.2019; 505,32 
26.06.2019; 503,13 
27.06.2019; 509,99 
28.06.2019; 514,14 
01.07.2019; 519,93 
02.07.2019; 521,82 
03.07.2019; 526,52 
05.07.2019; 528,25 
08.07.2019; 521,69 
09.07.2019; 530,45 
10.07.2019; 532,75 
11.07.2019; 532,26 
12.07.2019; 536,99 
15.07.2019; 535,65 
16.07.2019; 537,37 
17.07.2019; 536,53 
18.07.2019; 534,65 
19.07.2019; 532,46 
22.07.2019; 529,96 
23.07.2019; 536,02 
24.07.2019; 542,92 
25.07.2019; 539,81 
26.07.2019; 549,08 
29.07.2019; 548,20 
30.07.2019; 545,96 
31.07.2019; 539,61 
01.08.2019; 531,88 
02.08.2019; 516,56 
05.08.2019; 502,86 
06.08.2019; 509,30 
07.08.2019; 505,31 
08.08.2019; 514,93 
09.08.2019; 506,93 
12.08.2019; 502,40 
13.08.2019; 510,95 
14.08.2019; 496,23 
15.08.2019; 489,53 
16.08.2019; 498,29 
19.08.2019; 506,12 
20.08.2019; 501,08 
21.08.2019; 506,22 
22.08.2019; 506,74 
23.08.2019; 492,22 
26.08.2019; 498,20 
27.08.2019; 492,10 
28.08.2019; 497,76 
29.08.2019; 507,05 
30.08.2019; 506,93 
03.09.2019; 501,44 
04.09.2019; 505,11 
05.09.2019; 513,21 
06.09.2019; 514,92 
09.09.2019; 514,97 
10.09.2019; 522,24 
11.09.2019; 534,76 
12.09.2019; 534,66 
13.09.2019; 528,15 
16.09.2019; 529,47 
17.09.2019; 523,97 
18.09.2019; 520,60 
19.09.2019; 518,82 
20.09.2019; 519,01 
23.09.2019; 519,17 
24.09.2019; 510,08 
25.09.2019; 518,20 
26.09.2019; 512,35 
27.09.2019; 508,42 
30.09.2019; 509,58 
01.10.2019; 497,00 
02.10.2019; 489,72 
03.10.2019; 489,62 
04.10.2019; 495,00 
07.10.2019; 496,48 
08.10.2019; 488,50 
09.10.2019; 491,25 
10.10.2019; 490,92 
11.10.2019; 499,39 
14.10.2019; 495,96 
15.10.2019; 502,21 
16.10.2019; 502,17 
17.10.2019; 508,08 
18.10.2019; 508,07 
21.10.2019; 512,98 
22.10.2019; 512,86 
23.10.2019; 513,78 
24.10.2019; 507,48 
25.10.2019; 512,13 
28.10.2019; 514,93 
29.10.2019; 513,82 
30.10.2019; 513,44 
31.10.2019; 514,08 
01.11.2019; 510,68 
04.11.2019; 513,20 
05.11.2019; 516,45 
06.11.2019; 508,01 
07.11.2019; 515,02 
08.11.2019; 524,39 
11.11.2019; 523,92 
12.11.2019; 524,43 
13.11.2019; 523,88 
14.11.2019; 520,22 
15.11.2019; 524,97 
18.11.2019; 525,49 
19.11.2019; 523,80 
20.11.2019; 519,68 
21.11.2019; 516,84 
22.11.2019; 519,45 
25.11.2019; 524,86 
26.11.2019; 522,10 
27.11.2019; 523,93 
29.11.2019; 523,72 
02.12.2019; 516,88 
03.12.2019; 514,47 
04.12.2019; 514,15 
05.12.2019; 511,10 
06.12.2019; 513,85 
09.12.2019; 508,16 
10.12.2019; 506,38 
11.12.2019; 509,26 
12.12.2019; 517,68 
13.12.2019; 516,23 
16.12.2019; 522,12 
17.12.2019; 523,35 
18.12.2019; 522,91 
19.12.2019; 529,84 
20.12.2019; 530,06 
23.12.2019; 530,48 
24.12.2019; 531,05 
26.12.2019; 531,82 
27.12.2019; 529,78 
30.12.2019; 529,06 
31.12.2019; 531,73 
02.01.2020; 534,28 
03.01.2020; 530,67 
06.01.2020; 532,67 
07.01.2020; 531,98 
08.01.2020; 534,99 
09.01.2020; 535,75 
10.01.2020; 532,80 
13.01.2020; 540,00 
14.01.2020; 541,29 
15.01.2020; 543,69 
16.01.2020; 553,36 
17.01.2020; 550,50 
21.01.2020; 548,88 
22.01.2020; 549,97 
23.01.2020; 551,11 
24.01.2020; 548,99 
27.01.2020; 539,73 
28.01.2020; 542,49 
29.01.2020; 531,33 
30.01.2020; 529,83 
31.01.2020; 520,15 
03.02.2020; 523,49 
04.02.2020; 532,37 
05.02.2020; 532,60 
06.02.2020; 533,41 
07.02.2020; 529,77 
10.02.2020; 532,40 
11.02.2020; 553,59 
12.02.2020; 559,60 
13.02.2020; 557,77 
14.02.2020; 553,48 
18.02.2020; 557,05 
19.02.2020; 559,02 
20.02.2020; 560,51 
21.02.2020; 554,86 
24.02.2020; 540,48 
25.02.2020; 525,31 
26.02.2020; 522,57 
27.02.2020; 504,20 
28.02.2020; 501,26 
02.03.2020; 514,18 
03.03.2020; 505,68 
04.03.2020; 520,93 
05.03.2020; 505,61 
06.03.2020; 497,02 
09.03.2020; 458,56 
10.03.2020; 475,88 
11.03.2020; 452,68 
12.03.2020; 409,15 
13.03.2020; 439,95 
16.03.2020; 401,42 
17.03.2020; 424,60 
18.03.2020; 394,88 
19.03.2020; 416,81 
20.03.2020; 398,85 
23.03.2020; 394,97 
24.03.2020; 432,13 
25.03.2020; 432,00 
26.03.2020; 460,15 
27.03.2020; 445,16 
30.03.2020; 457,45 
31.03.2020; 451,42 
01.04.2020; 432,65 
02.04.2020; 439,59 
03.04.2020; 436,73 
06.04.2020; 468,05 
07.04.2020; 470,02 
08.04.2020; 484,76 
09.04.2020; 493,06 
13.04.2020; 483,21 
14.04.2020; 494,97 
15.04.2020; 479,39 
16.04.2020; 484,47 
17.04.2020; 492,22 
20.04.2020; 493,19 
21.04.2020; 477,81 
22.04.2020; 490,11 
23.04.2020; 492,78 
24.04.2020; 498,41 
27.04.2020; 509,15 
28.04.2020; 508,83 
29.04.2020; 521,29 
30.04.2020; 506,17 
01.05.2020; 492,71 
04.05.2020; 493,77 
05.05.2020; 500,34 
06.05.2020; 493,86 
07.05.2020; 503,36 
08.05.2020; 520,84 
11.05.2020; 515,27 
12.05.2020; 501,92 
13.05.2020; 486,76 
14.05.2020; 486,11 
15.05.2020; 490,23 
18.05.2020; 509,79 
19.05.2020; 505,02 
20.05.2020; 514,69 
21.05.2020; 508,00 
22.05.2020; 513,07 
26.05.2020; 520,44 
27.05.2020; 529,31 
28.05.2020; 522,32 
29.05.2020; 527,19 
01.06.2020; 532,29 
02.06.2020; 534,47 
03.06.2020; 546,23 
04.06.2020; 542,95 
05.06.2020; 554,91 
08.06.2020; 563,90 
09.06.2020; 557,48 
10.06.2020; 550,90 
11.06.2020; 513,94 
12.06.2020; 524,37 
15.06.2020; 529,08 
16.06.2020; 542,49 
17.06.2020; 532,09 
18.06.2020; 533,31 
19.06.2020; 530,73 
22.06.2020; 531,59 
23.06.2020; 528,74 
24.06.2020; 515,66 
25.06.2020; 522,50 
26.06.2020; 511,97 
29.06.2020; 524,00 
30.06.2020; 529,81 
01.07.2020; 527,77 
02.07.2020; 528,00 
06.07.2020; 538,32 
07.07.2020; 526,71 
08.07.2020; 532,17 
09.07.2020; 532,04 
10.07.2020; 530,99 
13.07.2020; 523,96 
14.07.2020; 530,20 
15.07.2020; 536,87 
16.07.2020; 536,69 
17.07.2020; 545,64 
20.07.2020; 550,78 
21.07.2020; 557,76 
22.07.2020; 558,76 
23.07.2020; 563,16 
24.07.2020; 556,41 
27.07.2020; 564,00 
28.07.2020; 559,53 
29.07.2020; 574,82 
30.07.2020; 572,02 
31.07.2020; 574,75 
03.08.2020; 583,21 
04.08.2020; 586,89 
05.08.2020; 584,31 
06.08.2020; 586,12 
07.08.2020; 589,58 
10.08.2020; 588,12 
11.08.2020; 583,47 
12.08.2020; 584,78 
13.08.2020; 583,46 
14.08.2020; 582,21 
17.08.2020; 576,77 
18.08.2020; 574,30 
19.08.2020; 575,66 
20.08.2020; 571,52 
21.08.2020; 565,65 
24.08.2020; 568,64 
25.08.2020; 568,10 
26.08.2020; 567,83 
27.08.2020; 563,54 
28.08.2020; 564,24 
31.08.2020; 563,02 
01.09.2020; 566,09 
02.09.2020; 573,81 
03.09.2020; 544,63 
04.09.2020; 537,32 
08.09.2020; 526,32 
09.09.2020; 532,19 
10.09.2020; 521,49 
11.09.2020; 521,95 
14.09.2020; 524,91 
15.09.2020; 526,73 
16.09.2020; 528,01 
17.09.2020; 523,76 
18.09.2020; 522,91 
;
;
;
;
;
;
;
;
;
;
;
;
;
;
;
;
;
;
;
;
;
;
;
;
;
;
;
;
;
;
;
;
;
;
;
;
;
;
;
;
;
;
;
;
;
;
;
;
;
;
;
;
;
;
;
;
;
;
;
;
;
;
;
;
;
;
;
;
;
;
;
;
;
;
;
;
;
;
;
;
;
;
;
;
;
;
;
;
;
;
;
;
;
;
;
;
;
;
;
;
;
;
;
;
;
;
;
;
;
;
;
;
;
;
;
;
;
;
;
;
;
;
;
;
;
;
;
;
;
;
;
;
;
;
;
;
;
;
;
;
;
;
;
;
;
;
;
;
;
;
;
;
;
;
;
;
;
;
;
;
;
;
;
;
;
;
;
;
;
;
;
;
;
;
;
;
;
;
;
;
;
;
;
;
;
;
;
;
;
;
;
;
;
;
;
;
;
;
;
;
;
;
;
;
;
;
;
;
;
;
;
;
;
;
;
;
;
;
;
;
;
;
;
;
;
;
;
;
;
;
;
;
;
;
;
;
;
;
;
;
;
;
;
;
;
;
;
;
;
;
;
;
;
;
;
;
;
;
;
;
;
;
;
;
;
;
;
;
;
;
;
;
;
;
;
;
;
;
;
;
;
;
;
;
;
;
;
;
;
;
;
;
;
;
;
;
;
;
;
;
;
;
;
;
;
;
;
;
;
;
;
;
;
;
;
;
;
;
;
;
;
;
;
;
;
;
;
;
;
;
;
;
;
;
;
;
;
;
;
;
;
;
;
;
;
;
;
;
;
;
;
;
;
;
;
;
;
;
;
;
;
;
;
;
;
;
;
;
;
;
;
;
;
;
;
;
;
;
;
;
;
;
;
;
;
;
;
;
;
;
;
;
;
;
;
;
;
;
;
;
;
;
;
;
;
;
;
;
;
;
;
;
;
;
;
;
;
;
;
;
;
;
;
;
;
;
;
;
;
;
;
;
;
;
;
;
;
;
;
;
;
;
;
;
;
;
;
;
;
;
;
;
;
;
;
;
;
;
;
;
;
;
;
;
;
;
;
;
;
;
;
;
;
;
;
;
;
;
;
;
;
;
;
;
;
;
;
;
;
;
;
;
;
;
;
;
;
;
;
;